id,filename,status,detail
1,高速动车组数据驱动无模型自适应积分滑模预测控制.pdf,OK,
2,球面均匀分布2014(Wei Li)Unified Cooperative Control of Multiple Agents on a Sphere for Different S.pdf,OK,
3,Predefined-Time_Tracking_Control_of_a_Free-Flying_Space_Robot_on_SE3.pdf,OK,
4,00746d78-7e83-4bf1-8c87-1d0bb25986ba.pdf,OK,
5,008ab3e5-3d06-4a71-bfae-a2f664647a87.pdf,OK,
6,00a676eb-2e5d-4d21-b7c4-16586ed5bc54.pdf,OK,
7,Performance-Driven_Consensus-Based_Distributed_Bayesian_Filtering_Over_Switching_Topologies.pdf,OK,
8,00ecb670-ecf5-4180-882a-7823aff497e4.pdf,OK,
9,0109a737-8e88-4313-adc5-0a0a2d19b785.pdf,OK,
10,0111f71e-5bb6-42b8-bae1-d3df7eb0ff42.pdf,OK,
11,011d4d35-83d7-4ff7-8d63-d390ad77593a.pdf,OK,
12,01266c37-8cd1-425c-b504-8fb1d631a600.pdf,OK,
13,012aeb1a-be24-470e-a828-44bd4307084c.pdf,OK,
14,018cfe44-1c39-4588-97bf-9746bae349b0.pdf,OK,
15,01c06eb1-c21b-4056-8bf3-58ff41aa92f1.pdf,OK,
16,01c3be1f-b409-4b0d-9d38-7d2b8bd0a2f4.pdf,OK,
17,01d40c7f-0a92-4c0c-8b5f-758c09506877.pdf,OK,
18,01e2565d-eb5b-40fc-b457-2b152dffffaf.pdf,OK,
19,01e36cf1-8c95-47df-b0ed-5b0e423c9d6a.pdf,OK,
20,Zhou 等 - 2022 - Fixed-time stabilization of linear delay systems by smooth periodic delayed feedback.pdf,OK,
21,0252ff1a-697f-409d-971e-eefea13b47b1.pdf,OK,
22,025a2459-a617-423f-ba71-378a077ef266.pdf,OK,
23,Zhou 等 - 2024 - Prescribed time control based on the periodic delayed sliding mode surface without singularities.pdf,OK,
24,026b7465-7e39-4ca1-aef7-91d2e62ffd76.pdf,OK,
25,02937957-a5e8-4bc5-8ec4-da17dde90e8b.pdf,OK,
26,02a00c21-02f9-413c-91d1-ef1dec33691d.pdf,OK,
27,02c20309-9e6e-48c5-89a2-fbe4204caafc.pdf,OK,
28,02cd5a98-10f8-4141-a6e0-fdc9279710b1.pdf,OK,
29,Wang 等 - 2024 - An exact robust high-order differentiator with hyperexponential convergence.pdf,OK,
30,Zhao 等 - 2024 - Cooperative tracking of fixed-wing UAVs with arbitrary convergence time Theory and experiment.pdf,OK,
31,030af4ea-8b78-4e9d-93d5-554d02a817e5.pdf,OK,
32,0334d220-7173-4eff-b02b-cc1c13b5a0d3.pdf,OK,
33,033a9790-68bc-459e-9147-ccc6dde373a2.pdf,OK,
34,033d05c7-a8a4-4cd0-a933-6f681b260bc0.pdf,OK,
35,033dc567-7898-4841-80fa-f614dffe5d42.pdf,OK,
36,0346ac5c-7ba8-4c01-a7ae-31cd12b33e6e.pdf,OK,
37,035bdfaa-9ec4-4f7d-806a-b21c7014f9f4.pdf,OK,
38,Long 等 - 2024 - Distributed observer-based leader–follower consensus of multiple euler–lagrange systems.pdf,OK,
39,038dd569-9064-4a16-a95d-664cee641eac.pdf,OK,
40,039aa1d7-c146-43b3-bde2-3562f000d679.pdf,OK,
41,042773ea-f791-4c54-9937-2a9e581ba717.pdf,OK,
42,04601520-8161-4b5e-9e3a-7be7e1d23114.pdf,OK,
43,047795a9-3930-4765-bd0e-3eaf63c53866.pdf,OK,
44,047e95a5-042a-4d43-998c-e454c184a5ba.pdf,OK,
45,04c9540d-19d4-4397-a8c1-c655ba73a066.pdf,OK,
46,04f8a700-9d26-4a25-89bf-ab037b7338aa.pdf,OK,
47,0504f842-5744-4828-9cd3-6b1bbab3d57f.pdf,OK,
48,0522b8b9-a4f2-49d2-916c-f579637e5498.pdf,OK,
49,05274ed1-fe26-40cc-aa52-043cf857499d.pdf,OK,
50,052b80c9-8a8b-497d-a098-09159be46c5b.pdf,OK,
51,055b6c80-0f78-4a98-a234-bb3b4083c73e.pdf,OK,
52,056c3187-299d-474f-9e2c-5295373878bf.pdf,OK,
53,059518d1-27f9-438a-8036-b08cb40ec11a.pdf,OK,
54,05b40c5d-edec-400e-8a23-891ba2e7035e.pdf,OK,
55,05bd98e4-8271-4ec7-b88b-b85b360329f0.pdf,OK,
56,05d4e9a5-712e-4a6e-a4dd-ca9885d1d94a.pdf,OK,
57,05d8c1bb-baf5-459d-b5bb-6f01884a90b2.pdf,OK,
58,05e70c9e-06de-480a-a5e7-27de832af3ab.pdf,OK,
59,0600baf1-3494-47d6-986b-9bf6a7c1dd15.pdf,OK,
60,0620acf2-a51e-4a1d-8091-ce72700c188f.pdf,OK,
61,Fang和Xie - 2024 - Distributed formation maneuver control using complex laplacian.pdf,OK,
62,06a45aaa-8d37-4187-a078-adc6bffa6219.pdf,OK,
63,Feng 等 - 2024 - Settling-time estimation for finite-time connectivity-preserving rendezvous of networked uncertain e.pdf,OK,
64,Jiang 等 - 2023 - Prescribed-time disturbance observer based fully distributed prescribed-time containment control of .pdf,OK,
65,Wang 等 - 2024 - Target circumnavigation of mobile robots in GPS-denied environments.pdf,OK,
66,"Yan 等 - 2024 - Cooperative control for heterogeneous multi-agent systems progress, applications, and challenges.pdf",OK,
67,Zheng和Zhang - 2024 - Internal model observer-based distributed moving-target-fencing control of multiple underactuated ma.pdf,OK,
68,Tao 等 - 2024 - Adaptive synchronization of uncertain underactuated euler–lagrange agents.pdf,OK,
69,07331019-ea85-4895-b4e5-1896ba99817d.pdf,OK,
70,Dou 等 - 2024 - Moving-target enclosing control with collision avoidance based on time-varying velocity estimation.pdf,OK,
71,07641eda-193a-42be-a341-41bdd9f2916f.pdf,OK,
72,078d7892-2f53-4c05-a1d6-83f495370c3c.pdf,OK,
73,07ba73df-90df-4a9a-b2ec-127a808e2032.pdf,OK,
74,07edb532-e3bc-4b91-be2d-edc38f82975a.pdf,OK,
75,Sun 等 - 2024 - Distributed weighted centroid formation tracking of multi-agent systems without velocity measurement.pdf,OK,
76,07fc392e-1aa7-4db4-8840-bb777ee69c75.pdf,OK,
77,081bf33d-6032-418e-ab89-da53cad85545.pdf,OK,
78,08296e28-d959-4600-87ca-067ee3a1c93d.pdf,OK,
79,08943129-52ba-4ab3-b007-f0977174859b.pdf,OK,
80,0894b0ff-4865-4de6-b0ec-87f639ce9363.pdf,OK,
81,08982563-d714-4f18-9c11-6f915a6eb184.pdf,OK,
82,08bb1843-19bd-4cd6-afc2-72ef3e0ccddf.pdf,OK,
83,08c4eef8-8367-4177-ad64-3f6724e372fc.pdf,OK,
84,08d9725a-ce83-4cc4-9e7a-575318b72eff.pdf,OK,
85,08faa03a-3530-453f-9688-e019c027f351.pdf,OK,
86,092cb2be-6ce4-4783-9acf-a0be529b5dbc.pdf,OK,
87,093e7c2e-dd2d-4c43-a37e-cd9b3b72e8a5.pdf,OK,
88,094e6a1d-908f-4107-a7f8-879e4a6b24b4.pdf,OK,
89,096a60ca-c436-4063-8d22-bd8935405e32.pdf,MISSING,file does not exist
90,0979e1f5-f3bf-47b4-916d-7e977274d2dc.pdf,OK,
91,09899e8d-9203-43c9-84ff-656c3d14091d.pdf,MISSING,file does not exist
92,Cai 等 - 2024 - A survey on collaborative hunting with robotic swarm key technologies and application scenarios.pdf,OK,
93,09b5cbeb-b129-4a48-b756-2d1f0fad50c8.pdf,OK,
94,09e6e02f-6a17-4bec-9ce7-164c3db789ef.pdf,OK,
95,0a0cabc8-8481-4474-a74f-db81feb193f3.pdf,OK,
96,0a4f0719-ca18-41ef-b3ed-b7e36ea7b691.pdf,OK,
97,0a913d77-d8dd-441b-b09d-39fdeca8f551.pdf,OK,
98,0a9420c9-9ccd-4b88-a03e-5e9e927db179.pdf,OK,
99,0a9fe428-e123-4e9b-bd64-eb924ef39004.pdf,OK,
100,0aab2be0-d170-4e48-bc0e-464d6292eb39.pdf,OK,
101,0abb681b-0bbe-4196-970f-20cb5c053cf8.pdf,OK,
102,Zou 等 - 2024 - Leader–follower circumnavigation control of non-holonomic robots using distance-related information.pdf,OK,
103,0aec6ea6-f4cd-4555-ad74-7a32fe279189.pdf,OK,
104,0af4b981-2c23-41f7-a6af-1e93cd28a743.pdf,MISSING,file does not exist
105,0b083f0a-8700-4618-af82-fc4efea08abb.pdf,OK,
106,0b1793ef-14c6-4346-be54-0b5097f03826.pdf,OK,
107,0b452d36-7103-452a-9ac2-cef827d9600d.pdf,MISSING,file does not exist
108,0b4c568d-b0af-4787-b19d-0b7fa2f84f51.pdf,OK,
109,0b4f4b08-3566-4aa5-be35-17c2491457c1.pdf,OK,
110,Madani-Esfahani 等 - 1990 - Ultimate boundedness and asymptotic stability of uncertain dynamical systems via variable structure.pdf,OK,
111,0b559743-54ea-49f2-bb62-8654d23f1e20.pdf,OK,
112,0b61296e-3391-40ec-adf2-d4bdfc81da93.pdf,MISSING,file does not exist
113,0b9f7f2c-f6ad-4aa6-b2c2-150003e84191.pdf,OK,
114,0c00d16b-6a6c-4fef-a1f7-cdb529f6f87a.pdf,OK,
115,0c0dcbcc-e720-48d8-bbf9-67afd4b55e6c.pdf,OK,
116,0c1adfca-cec5-4ff7-832a-b86134c3dce9.pdf,OK,
117,Hua 等 - 2022 - Adaptive prescribed-time control for a class of uncertain nonlinear systems.pdf,OK,
118,0c7a9dd6-e728-4a8b-8472-cebeab492ec3.pdf,OK,
119,0ca62bfe-a9cb-4b92-9a1b-c7b3850f1eb5.pdf,OK,
120,Wang 等 - 2012 - Finite-time control for spacecraft formation with dual-number-based description.pdf,OK,
121,0d76dff1-8d06-41b8-b1cc-a7a31f0cab36.pdf,MISSING,file does not exist
122,0dd0f2e9-e07f-45e7-9e9f-75ee9c192f23.pdf,OK,
123,0e2ba1a7-574a-46c8-a58d-725030a194c2.pdf,OK,
124,Ning 等 - 2019 - Distributed optimization of multiagent systems with preserved network connectivity.pdf,OK,
125,0e5b8bce-ba84-4bde-af21-d403f29249b7.pdf,OK,
126,0e7260dd-f3f0-4801-bd43-b9b2cbee464c.pdf,OK,
127,0e793869-cadc-4b78-8322-cbf511a0de9a.pdf,OK,
128,基于覆盖理论的高速强机动目标协同围捕策略.pdf,OK,
129,0f35bbc2-458e-406c-9ea4-1edc1d6b6171.pdf,OK,
130,0f4ae912-c55c-427e-95ef-9fd2333dc366.pdf,OK,
131,0f548195-b318-4ac4-acc7-4ffadd5cde2d.pdf,OK,
132,0f97d2a8-9094-49f8-a548-855d83b7ff4e.pdf,OK,
133,0f9c7b09-5552-4665-af90-2c57410c9e22.pdf,OK,
134,Sun 等 - 2018 - Robust finite-time connectivity preserving coordination of second-order multi-agent systems.pdf,OK,
135,0fa81bf3-7a41-471e-a765-c0ca65ee1121.pdf,OK,
136,0fb31bd1-d3b1-4d57-b64f-cb5a96a127f5.pdf,MISSING,file does not exist
137,0fc6d22b-c985-4048-9d53-0654bf752f7b.pdf,OK,
138,0fe98c2f-42c6-45a1-884f-4ad9e3d8c9b9.pdf,OK,
139,0ff22986-8c0c-44b5-addf-04f5f1ce10e2.pdf,OK,
140,0ff88a19-9821-4eaa-867b-eafe0660cb0c.pdf,OK,
141,1003de03-0755-4957-83b7-671fe15b00ad.pdf,OK,
142,10136a56-ed9a-445a-9d29-5422a700d0df.pdf,OK,
143,10412efa-8d04-46d8-b2cf-d2127fb2a8e6.pdf,OK,
144,1047d65e-7b13-4488-9470-43db931aa266.pdf,OK,
145,10589c5b-2704-447a-a1c1-c222d139ce4b.pdf,OK,
146,Massari 等 - 2012 - Nonlinear control of formation flying with state constraints.pdf,OK,
147,10b08579-bc1c-4647-9280-24551ae7a92d.pdf,OK,
148,10c29e77-1d8c-467d-b932-8f207a2b0168.pdf,OK,
149,10e3f024-4b81-4d8f-bff3-f0f608d3bd10.pdf,OK,
150,10eeb7e5-e622-4e36-a55e-bb77095a1bfe.pdf,OK,
151,10f0a4a7-9e3f-43a3-aeb4-807ede139a9d.pdf,OK,
152,10f5585c-6c5a-41f8-b7f0-52e8dd0268d1.pdf,OK,
153,11168e61-870f-4fac-a86e-e6fe6a35fde3.pdf,OK,
154,1138dac8-4eae-458e-94fd-5ea567335581.pdf,OK,
155,113f844e-7e05-4e6f-a659-93ba880580b9.pdf,OK,
156,11413725-9e6a-4070-a254-f0d1a9820788.pdf,OK,
157,1145d40f-846b-4efe-afd9-244391a98bcd.pdf,MISSING,file does not exist
158,11568902-0755-480a-8d02-79d283498639.pdf,OK,
159,115f0611-b08e-4ee3-ae5b-acb8e363c7bd.pdf,MISSING,file does not exist
160,1193c159-0adf-457a-a90f-1553aa853eac.pdf,OK,
161,1198ec02-09c5-4dc8-a5a9-9441904447e6.pdf,OK,
162,11a1c72c-f159-43d0-b758-57629dbe1fc5.pdf,MISSING,file does not exist
163,11b15f36-ebbc-400b-9bd1-fca40d444d0d.pdf,OK,
164,11c4c505-6e72-4c35-9540-c5d0bc189f34.pdf,OK,
165,11cbaea1-7efd-47de-a809-05d7b3497cae.pdf,OK,
166,11dee717-39e8-444d-b5e5-3010b033f0e3.pdf,OK,
167,11eaae71-1f8b-4edb-8407-e98e67c53bb9.pdf,OK,
168,11efaf35-3831-4d37-a226-05e1bc10a874.pdf,OK,
169,120d6b36-e5fb-4435-9913-8c7b05c1ca57.pdf,OK,
170,1216b625-62c4-4c1f-a26b-f2b03ec3c212.pdf,OK,
171,12783055-65a1-42df-85a2-1b4a71de4e48.pdf,OK,
172,127d0d50-d622-4fb6-941d-94d22e401218.pdf,OK,
173,12856003-3ea7-402f-8750-91b0b5bb6e9c.pdf,OK,
174,12a8efc5-e10c-48b9-8bb8-03f263085a5c.pdf,OK,
175,12e0ef48-e7ce-4d91-ac1c-9cb2a48adabf.pdf,OK,
176,12e4b730-ccd1-4849-8ac6-38fa6dfff8ec.pdf,OK,
177,130acdb7-20dd-4f8c-b33f-c548344952f3.pdf,MISSING,file does not exist
178,130f11b5-f0ea-4b57-9467-c024e5b92bca.pdf,OK,
179,134694a1-fa4d-48c4-903a-c8c1e2c71148.pdf,OK,
180,13635ce5-9d6a-4ceb-978f-69ea222e5850.pdf,OK,
181,1381a125-39cb-4dfd-9719-95e49c7ac870.pdf,OK,
182,1382324f-1a45-4865-8931-9d18ea7de1e7.pdf,OK,
183,13fa1bd1-7432-4a5a-8737-ea2e3aee045f.pdf,OK,
184,142c5d81-5e31-4d81-aa52-f07f3bca7992.pdf,OK,
185,143147b0-4c70-4ceb-ad9f-04f9339be2cd.pdf,OK,
186,1474991e-b47b-4cdf-94fa-4e6a95cd5206.pdf,OK,
187,1489ac3f-d1b0-4223-97ef-146afcf41799.pdf,OK,
188,148c297f-a322-4a71-bb86-1fb2e5eeeb41.pdf,OK,
189,14a3b3cd-2284-44cd-b80c-c451b4aab49b.pdf,OK,
190,14a7fb1e-dc1f-41de-a173-5623ff8a5ab5.pdf,OK,
191,14b4bd0d-9e7e-4aea-a45c-80cc7c5b2f44.pdf,OK,
192,14b50ba5-cf3e-4807-9aa6-32d699f48609.pdf,OK,
193,14ca37bf-3f55-4343-a1d2-9dd182255b29.pdf,OK,
194,1504b1de-aaef-45e2-a699-80d4f0711449.pdf,OK,
195,1506d671-b6c2-469a-9845-541cb23a912e.pdf,MISSING,file does not exist
196,150bcb4f-6c05-4753-ad51-b292038a21a6.pdf,OK,
197,151f3a80-6284-4de1-8b1a-9224a811ae65.pdf,OK,
198,15340c51-550c-459c-8f1d-7421271826ef.pdf,OK,
199,157efbf7-a4e5-4dbb-a245-2b1f936ea869.pdf,OK,
200,Yeh 等 - 2002 - Nonlinear tracking control for satellite formations.pdf,OK,
201,159a9023-2cba-48b0-9754-b2fc3c8969e7.pdf,OK,
202,15b05bbe-6354-44ce-be38-de89c1f2160c.pdf,MISSING,file does not exist
203,15cf3b8a-cc19-404c-bbfd-8eeda8c605c8.pdf,OK,
204,15d978b0-66b5-466d-a8ee-f24bda3bc88d.pdf,OK,
205,15f4e100-6038-4e06-bdce-5d789393a4a1.pdf,OK,
206,Ulybyshev - 1998 - Long-term formation keeping of satellite constellation using linear-quadratic controller.pdf,OK,
207,1620f24d-1652-4ec2-b18b-1286610dff04.pdf,OK,
208,16256631-92ef-4d89-b172-a68b9893b3d8.pdf,OK,
209,1625ae27-5df6-4d3b-94a0-20e2e57e02ea.pdf,OK,
210,162a3830-9b17-4e97-8ae5-064e999748e7.pdf,OK,
211,162a48b6-bc57-4c70-bcde-52545907bfd4.pdf,OK,
212,1651369b-679f-4dbc-8fdc-7409f49afcd0.pdf,OK,
213,166a25c1-0e4f-4959-85b7-cef66b7812c0.pdf,OK,
214,16732e99-b4e2-463c-a5cf-5b06b25efbaa.pdf,OK,
215,1686c0c1-e7ab-47c9-bf91-8b450defdbe0.pdf,OK,
216,169392e2-a1de-476f-b611-ecc690b85c82.pdf,OK,
217,1722ccb0-8cad-4124-993d-86e309e61884.pdf,OK,
218,17458560-d524-4662-8082-4143e4a3aaca.pdf,OK,
219,177906df-e039-4674-8c24-7850226854ec.pdf,OK,
220,17960cd2-0e5e-4d57-9a52-6b482bde989b.pdf,OK,
221,17a59495-a0d8-43f8-bf4c-bba1c2cc7985.pdf,OK,
222,17a7549d-62ff-445b-9adf-77bb289bd61d.pdf,OK,
223,17b23e2f-6f33-425b-a386-025107ce0d94.pdf,OK,
224,17bcee54-15f7-4a43-8bb0-31be4db820d3.pdf,OK,
225,17f05bc6-cb32-44c3-8b04-9c73e320f5f8.pdf,OK,
226,1827310a-8bec-438d-b3e2-d052bf9a9b8a.pdf,OK,
227,1835a551-94a3-4fc5-bdfa-99eac201c675.pdf,OK,
228,183c4de1-3616-43e5-a3d4-ef0ca791abca.pdf,OK,
229,1854c431-60fc-4c2b-8381-eea390e610c2.pdf,OK,
230,186d014c-c4ff-4b8a-9f77-a3667d9efbc4.pdf,OK,
231,187edcb0-a09c-4423-9f2a-e6034aa2e619.pdf,OK,
232,188230a9-5b7f-40b3-85e6-15ea3226695f.pdf,OK,
233,18832c69-0647-476f-8679-0194f808ec2b.pdf,OK,
234,18869888-4f40-4f7a-ad10-72839b936f2c.pdf,OK,
235,18bc660b-e867-4a11-9abd-b1f419722553.pdf,MISSING,file does not exist
236,18d41127-fe34-4914-b8b6-0cf0822733cd.pdf,OK,
237,18ffde6d-d6bb-4813-b6bf-fcc48d435e7e.pdf,OK,
238,Di Mauro 等 - 2018 - Survey on guidance navigation and control requirements for spacecraft formation-flying missions.pdf,OK,
239,19168913-8c18-4ecc-9594-540497cb83d0.pdf,OK,
240,193823bb-175e-4378-bb8d-5032a67445e0.pdf,OK,
241,195cd0b3-4297-49cc-ab83-cd05183c3ff8.pdf,OK,
242,197b22ca-d8fe-417c-bea1-327902115e27.pdf,OK,
243,1980ebf8-61b3-4a5a-bc19-cf0d78cb5b1d.pdf,OK,
244,1989db27-9ced-43bd-8115-f411c9d8f907.pdf,OK,
245,198b6a9b-99e4-445c-87a5-6016fbd33e46.pdf,OK,
246,Shouman 等 - 2019 - Output regulation control for satellite formation flying using differential drag.pdf,OK,
247,19d2d503-8e56-485e-981b-80ca70246cf2.pdf,OK,
248,19ed97f5-0407-4670-b91e-f158a277dc9d.pdf,OK,
249,19ee64b3-8161-4488-a302-f4532b1d7c98.pdf,MISSING,file does not exist
250,1a042f55-a98a-4243-b080-26d655cce6bb.pdf,OK,
251,1a1359ae-2d37-46d7-9110-ef47a824759f.pdf,OK,
252,1a24d5c4-1cba-4156-bb1d-b5a24e68fdb3.pdf,OK,
253,1a5019cf-8b8b-452c-95f3-209b7b6a53b8.pdf,OK,
254,1a80bd98-ca21-45e0-abb1-3b575d79b76f.pdf,OK,
255,1a9fbf25-b3f8-451a-ae6d-dcf58c7023bb.pdf,OK,
256,1aaa3c96-8af1-4483-aefc-370115899a5b.pdf,OK,
257,1ab3a486-a8fa-497a-8564-4a33965a6b9e.pdf,OK,
258,1ab9e77d-6d4b-4a56-a135-8e9efea2681c.pdf,OK,
259,1b35c45b-48bb-4115-bf3c-3fb1db19aa3a.pdf,OK,
260,1b3b0f50-0b04-454b-9c30-fb9052db391b.pdf,OK,
261,1b49d0e5-4b3d-4fec-bf9b-a90607646aaa.pdf,OK,
262,1b63c72d-9bc6-4c60-85eb-9718f0c63063.pdf,MISSING,file does not exist
263,1b6da117-cd2d-4869-b042-92ce1c15b003.pdf,OK,
264,1b75eeca-63c7-4916-8b85-526f48415029.pdf,OK,
265,1b8ed1dc-9957-4404-ae92-450a2f1130ee.pdf,OK,
266,1b9eb38d-b2dd-49be-9f94-a2a86f54f2d3.pdf,OK,
267,1bafdaeb-1c7a-4384-8272-f5ad5d354494.pdf,OK,
268,1bdbffac-4b18-4530-945c-08d96f2a630a.pdf,OK,
269,Sabol 等 - 2001 - Satellite formation flying design and evolution.pdf,OK,
270,1c1fa4bf-697a-45f8-bd41-5141e32e198c.pdf,OK,
271,1c3c0fa5-b80a-4ffd-be68-6aa62cb46cad.pdf,OK,
272,1c3f02a2-2084-4ca2-98f7-ef8921ef54ab.pdf,OK,
273,1c436523-ab12-48ab-a139-1a5dcd85c1d4.pdf,OK,
274,1c454327-6af3-4a26-894c-6d4bf41e6ca8.pdf,OK,
275,Precup 等 - 2017 - Model-free sliding mode control of nonlinear systems algorithms and experiments.pdf,OK,
276,1c7fddbb-03d4-4002-b9be-e8c9a53627a5.pdf,OK,
277,1c86b968-2c62-47a3-b291-02e0e93b55e0.pdf,OK,
278,1ca887a5-b342-48db-adad-9e2d73bc6a55.pdf,OK,
279,Sui和Jin - 2024 - Learning-based finite-time distributed formation control for fixed-wing unmanned aerial vehicles.pdf,OK,
280,1cdd5252-88f3-42da-a01e-af0065c1892a.pdf,OK,
281,1d07a2d6-891b-4636-b2e5-9f146982d2c8.pdf,OK,
282,1d163ef0-84f7-47aa-9711-a98da87299cd.pdf,OK,
283,1d25b206-5199-48f0-a8de-14817e48de9d.pdf,OK,
284,1d3afd7f-9d43-4199-80e2-ce2df48d106a.pdf,OK,
285,1d49628b-430f-4157-a3a1-81380a0bf58d.pdf,OK,
286,1d600080-3dfa-45ef-82f4-ee1b31f94bc7.pdf,OK,
287,1d7064c2-67ca-4f12-9fa2-71eb9b3d4483.pdf,OK,
288,1d773280-7ad7-4f43-bcfc-8915a1585e02.pdf,OK,
289,1d832acf-b992-4e3a-95ec-e802a6c7dbba.pdf,OK,
290,1dbcfb7c-6720-4d73-bde8-d5a91d9e9ede.pdf,OK,
291,1dc3fb7b-73e5-4f2e-bb1c-c52b4b077ab0.pdf,OK,
292,1ddb9eed-a5c9-4a6a-b7c3-ffc0234d920e.pdf,OK,
293,1e1179ab-8d02-4529-a155-0fe8346c061e.pdf,OK,
294,1e146669-a816-4a4d-846b-84c6323cb097.pdf,OK,
295,多机器人协同围捕方法综述_周萌.pdf,OK,
296,1e3f4b46-4a38-41ce-a4ec-c6defcff6f7c.pdf,OK,
297,1e4199cc-094d-4298-a6d3-f6500642e1c1.pdf,OK,
298,1e4daa78-728e-40cd-a8d2-149c6d3f7102.pdf,OK,
299,1e5ec2f6-5efb-459a-824b-881188c82051.pdf,OK,
300,1e6faec1-95fa-4647-a289-85888c1fe813.pdf,OK,
301,1e7d3722-53d4-46dc-a4e5-16ba5bb0ae86.pdf,OK,
302,1e9327c4-a771-4416-82e6-59b719f5a408.pdf,OK,
303,1ea498b5-2198-46d5-a611-10ec06dc74ee.pdf,OK,
304,1eafaf9b-bbe9-4d7c-9cac-3318ae7a1010.pdf,OK,
305,Ge和Cui - 2000 - New potential functions for mobile robot path planning.pdf,OK,
306,1ee1b97b-0cbd-4405-8f0c-16b15fd73fe9.pdf,MISSING,file does not exist
307,Qin 等 - 2015 - Observer-based consensus for nonlinear multi-agent systems with intermittent communication.pdf,OK,
308,1ef962ab-a449-4fa5-94b5-f040fb8ad962.pdf,OK,
309,1f366636-6644-49ea-ac0f-6fe8105392bd.pdf,OK,
310,1f75d0e5-fccd-4d56-b511-4ed9338c22c2.pdf,OK,
311,1f79b2a1-fbb1-4276-9a5b-c3fc3cd71a0d.pdf,OK,
312,1f808f0d-6205-43a6-81a7-064358a56201.pdf,OK,
313,1f914fa4-f51b-4572-a59f-e751fabaaad2.pdf,OK,
314,1fa34a0b-6ee5-46f3-bb1b-0a54dfdb3f74.pdf,OK,
315,1fe430f7-3529-43b5-9966-f0c18815eb63.pdf,OK,
316,20083f68-8825-4148-82cf-590f216101c4.pdf,OK,
317,2012bffd-8a4c-411a-9e0b-33c167bf0ac9.pdf,OK,
318,203c0654-6386-4b87-9e44-2b433e500df7.pdf,MISSING,file does not exist
319,2071c264-9089-4014-9d8b-49d5211737f8.pdf,OK,
320,209c28f4-6c47-44d7-90a8-f49dcb728339.pdf,OK,
321,20a45abd-8dba-451c-8c21-36769284ded3.pdf,OK,
322,20a8314d-0d32-40d1-aa54-2a10d23eec4f.pdf,OK,
323,20c74fe7-8e41-4b22-8305-3f044c1403c7.pdf,OK,
324,20e46e1f-2e0f-4006-b0d0-07846fbf3f76.pdf,OK,
325,21055fd6-5743-4440-b625-d253e54ce61f.pdf,OK,
326,212a3a2e-6722-4ed2-b7ca-7536bdf126dc.pdf,OK,
327,212aa88a-0094-4a90-954c-d25acdd27ef6.pdf,OK,
328,2147e459-326e-4eeb-9da5-2925682265ea.pdf,OK,
329,214a6141-19a0-4c5f-82c5-6e35a18af94e.pdf,OK,
330,214e26a0-1957-4038-9669-12f029f0cb19.pdf,OK,
331,Weerakoon 等 - 2014 - Dead-lock free mobile robot navigation using modified artificial potential field.pdf,OK,
332,s10514-015-9450-3.pdf.pdf,OK,
333,21aaa951-fdc5-4f9a-9e74-7b56ffb6b272.pdf,OK,
334,222c7647-eccc-4240-9bea-b12ec6159bbd.pdf,OK,
335,225692d3-a6c0-41bb-9a37-f62016abb5fa.pdf,OK,
336,22585230-2e02-4bcf-99de-7c6c7224b002.pdf,OK,
337,2268b157-cfc6-4e20-b123-2805da0fd1a6.pdf,OK,
338,228300ff-6b05-4151-8ce8-d857a59892dc.pdf,OK,
339,Hua 等 - 2019 - Time-varying output formation tracking of heterogeneous linear multi-agent systems with multiple lea.pdf,OK,
340,229dc46b-29d7-4a1b-914c-776280bca912.pdf,OK,
341,22ad615f-e547-4f98-a48c-0c2bb6656aa0.pdf,OK,
342,23416f14-571a-48b7-93ef-256a027c09b4.pdf,OK,
343,239d9d8e-8961-4563-84e6-3d55f59d579d.pdf,OK,
344,23c30148-74c0-4e82-83c7-b16fbd9e4213.pdf,OK,
345,23d9baf0-9ce9-406c-b0af-26d2ff366faa.pdf,OK,
346,Dong 等 - 2024 - Neuroadaptive output formation tracking for heterogeneous nonlinear multiagent systems with multiple.pdf,OK,
347,24355695-533c-4060-9d9e-0bf1ba45c3cf.pdf,OK,
348,245f1b1b-6f1e-4532-a91c-af44851337d4.pdf,OK,
349,24886e84-29a9-4c08-b05d-bccf76b0bfcd.pdf,OK,
350,24988b10-c953-40d0-bb42-d6ceea4c1f8b.pdf,OK,
351,24c06068-6d84-4e82-859e-d6eebebe4350.pdf,OK,
352,24e57d0d-9bff-417e-9aff-584adc9974c1.pdf,OK,
353,24e6feec-aa44-4684-a1ea-b65d376ba20f.pdf,OK,
354,24e9d569-bc86-4fcf-b572-1eb2889af62d.pdf,OK,
355,250a5eac-5039-4d77-9f25-4575a1b2b6c2.pdf,OK,
356,256193a1-ccd3-4af8-b27f-87b743c663a1.pdf,OK,
357,25b510dd-0d7c-4d89-9c02-65e1c1d07e64.pdf,OK,
358,2609d2e2-7d45-4371-a6ec-a8f08e5d4caf.pdf,MISSING,file does not exist
359,261086a9-d013-48a5-8b68-8d6fc567d103.pdf,MISSING,file does not exist
360,261d25b0-a105-4995-b381-c8483a625109.pdf,OK,
361,26223a69-a848-44ed-9d08-d48b00d158bf.pdf,OK,
362,2629be23-00dc-409c-90fb-9462e2a1ee7e.pdf,MISSING,file does not exist
363,264146b2-2653-4f60-9def-454c86e8af57.pdf,OK,
364,2641b4f8-6e32-48e5-9d13-7d65a96c8819.pdf,OK,
365,26815934-cfb8-464b-8124-29e694d2ca76.pdf,OK,
366,26885414-c67e-4f6c-9b53-fa305b93c98a.pdf,MISSING,file does not exist
367,26c80615-4376-4a45-a567-e8e74f91612b.pdf,OK,
368,26dea51b-c778-4f62-9f59-4de885f4a2e0.pdf,OK,
369,26e6333b-c1d9-4629-977e-3119e0b6bdf2.pdf,OK,
370,271e7169-fd06-4615-bc07-96318d01c52f.pdf,OK,
371,2782d723-4ff2-4883-92e5-234161efebfe.pdf,OK,
372,27e5078f-e4bd-4c4e-9bb6-6220fe0cab37.pdf,OK,
373,28443538-9f81-4c2c-94c8-691dec0511bd.pdf,OK,
374,28543017-db7c-4cec-a11c-913d9a562d2a.pdf,OK,
375,2879c530-3673-4a85-8d84-f90102e7e243.pdf,OK,
376,28a1ef42-1d0d-4df6-9013-eba25531071c.pdf,OK,
377,28b9c72e-0bf3-42c8-a121-0476063ae8b4.pdf,OK,
378,28c5f561-02af-45e1-b978-1b78f4c469eb.pdf,OK,
379,28f6f4c5-500c-4976-ba86-cc0c28c99953.pdf,OK,
380,2937b948-4358-4f59-98fe-f754e01e1949.pdf,OK,
381,2951f62b-08f7-427f-8f2c-146f2628849e.pdf,OK,
382,Peng 等 - 2020 - Output-feedback cooperative formation maneuvering of autonomous surface vehicles with connectivity p.pdf,OK,
383,296a2268-fde8-4934-8b31-7d2146a5b88e.pdf,OK,
384,29760170-dd5c-43ba-bf42-cbe39a21eac3.pdf,OK,
385,297d82b0-b86b-4358-8016-229dcafcd4e7.pdf,OK,
386,29902db0-8c60-4fff-be9c-276ffe9b819b.pdf,OK,
387,29db6227-33ce-4ed9-ba0b-983743c4fa94.pdf,OK,
388,29e70723-2cf2-406c-8d06-1c77e1651b54.pdf,MISSING,file does not exist
389,29f1b6a2-09df-451a-986b-1d03aaa95478.pdf,OK,
390,Mei 等 - 2024 - Enhanced fixed-time collision-free elliptical circumnavigation coordination for UAVs.pdf,OK,
391,Xiong和Zhang - 2024 - Time-varying formation-surrounding control for multi-quadrotors pursuit-evasion games with disturban.pdf,OK,
392,2a624b47-6532-4f27-8cef-869e82b8afe9.pdf,OK,
393,2a9e3e52-adf6-426c-af3a-7a002a44d5e9.pdf,OK,
394,2ab2a47b-fa7e-424f-b872-fef20610e491.pdf,OK,
395,2ab6493b-2bdb-4a31-9116-b4e0b8fbdcbc.pdf,OK,
396,2abf1797-6941-40e0-bdec-0f4e41403f69.pdf,OK,
397,2ae6ae51-8967-4d4b-89be-9d6592a22798.pdf,OK,
398,2b53c0a3-d1f8-463c-87ae-2e77ff677856.pdf,OK,
399,2b5e3354-0558-427f-a81a-ea8bb6bf7f36.pdf,OK,
400,2b692741-88c5-4a7a-80aa-fa2807050219.pdf,OK,
401,2b94028a-e736-4663-9fec-2668d109ddb6.pdf,OK,
402,2ba67b7c-d6f6-4ad4-993f-9bef981784eb.pdf,OK,
403,2ba778f0-016e-44f2-adf8-55972a47aa2a.pdf,OK,
404,2bba684c-73d5-4a1f-9f25-202b6ae0102a.pdf,OK,
405,2bc9809f-2623-4cbf-87f6-7d38e77f4e3c.pdf,MISSING,file does not exist
406,2bc9a18d-b612-4f79-a5b3-6e25dc3612db.pdf,OK,
407,2bf019ca-4789-44be-96c0-1cbdb15b0109.pdf,OK,
408,2c090f20-6e08-4b2d-87f4-205e1d0bf008.pdf,OK,
409,2c21d283-b4cf-4fab-bd35-09bb600ddf3c.pdf,OK,
410,2c30bc11-50d7-468b-85d9-2b51e1e2fab7.pdf,OK,
411,2c467efe-98e3-41fb-9e75-804d0798c2fb.pdf,OK,
412,2c4f518c-5a1e-4b72-b923-8744845bdae3.pdf,OK,
413,2c6cdede-f20d-4750-9db9-eb85eb36c123.pdf,OK,
414,2c769079-352a-47c9-a5d9-180b0ab1bb89.pdf,OK,
415,2c810e1f-4c37-438f-abc4-c683d861bce4.pdf,OK,
416,2d3d0e28-6a01-40df-b459-e6e661167ee4.pdf,OK,
417,Cheng 等 - 2023 - Data-driven optimal formation-containment control for a group of spacecrafts subject to switching to.pdf,OK,
418,2d6c8739-7690-4205-97ec-29e87f6adab4.pdf,OK,
419,2d826f30-e86e-42dd-9a92-6582359c7f27.pdf,OK,
420,Li 等 - 2022 - Satellite formation flying control by using only angle measurements.pdf,OK,
421,2e37008f-2546-4029-a2ba-12602fb290cf.pdf,OK,
422,2e4dfb81-38a0-4fd0-89ce-1aed23b02594.pdf,OK,
423,2e54a8dd-8edc-4a60-a37d-7b93d099f16f.pdf,OK,
424,2e9c48a4-90ed-4c03-ba9d-cf39837a9b6e.pdf,OK,
425,2ed8f1e6-9549-49e4-b153-9a0a02e5eaa4.pdf,OK,
426,2eef45b7-45a8-40ea-aa29-310039489025.pdf,MISSING,file does not exist
427,2f045889-c274-4009-843a-1064c572c309.pdf,OK,
428,2f1ec859-fa20-492e-9d09-e042d41a497e.pdf,OK,
429,2f4ce199-b338-446e-b98b-0780ff7822a0.pdf,OK,
430,2f6395e1-03cc-49a1-890b-72a3be503745.pdf,OK,
431,2fd9757f-ae2a-4cf1-bce2-51f9935921b2.pdf,OK,
432,2fec9ae2-16d5-4aa5-9b97-3527e6760d97.pdf,OK,
433,2ff11127-2780-4f95-aff2-5aa5f1054527.pdf,OK,
434,30261d68-c0a4-4f1c-8237-e81e27adc482.pdf,OK,
435,304e3f52-ea3a-4b8f-9f5b-bc2e12e526bc.pdf,OK,
436,30542216-c23e-4b76-b70d-c7de1b5ae5b3.pdf,OK,
437,307ee8db-a45f-42c1-9821-afb358a3f4c4.pdf,OK,
438,Baldi 等 - 2022 - Adaptation to unknown leader velocity in vector-field UAV formation.pdf,OK,
439,309c9856-a630-4dc2-a96b-0d75caaecc5f.pdf,OK,
440,30b1949f-b095-4903-8601-3c4acc41221b.pdf,MISSING,file does not exist
441,30d76318-1740-410f-b090-b7d90e56d401.pdf,OK,
442,30f10cd3-7831-45a6-a1dd-d33dbad7a93c.pdf,OK,
443,30f1605a-5aa7-457b-ba89-882598bc3116.pdf,OK,
444,3126ea57-c6f9-4b2e-89dc-8b73538ca43e.pdf,OK,
445,31338ff3-a0b0-4774-a3bf-f70c0afae514.pdf,OK,
446,3161a4e6-6218-496e-b1ce-6852ecf574cf.pdf,OK,
447,31f1b7f8-9ed3-478c-8a8c-8a2247c17739.pdf,OK,
448,322caae3-cf3f-4fc0-af87-651be74d4a0c.pdf,OK,
449,3236710e-297f-4049-acdf-b4e1875ef504.pdf,OK,
450,Bai 等 - 2024 - A survey and framework of cooperative perception from heterogeneous singleton to hierarchical coope.pdf,OK,
451,32ab6ad4-d622-4093-a8c5-7e07bc079bce.pdf,OK,
452,32b3dae1-6017-4c3a-98ae-eeaffb3587b9.pdf,OK,
453,32b456ba-7598-4dd1-908f-3ed45e45438f.pdf,OK,
454,331aa363-a5aa-4f8e-b728-da2dbdfc5638.pdf,OK,
455,333af8d0-8b91-4851-9263-9618dbbf7901.pdf,OK,
456,333c1f74-5e0d-40b7-ab92-f873c3dffb38.pdf,OK,
457,3383a66a-9f29-49eb-ae27-9d266136ac70.pdf,OK,
458,33857e83-08b2-484f-8e76-3c4e4560210a.pdf,MISSING,file does not exist
459,339d1c0a-8dd1-4d2a-aab0-7851486fcf17.pdf,OK,
460,33a14596-5a32-463e-b559-de9ed22c9206.pdf,OK,
461,33b6d1d8-3cca-44e1-926a-dc48e8bde2ab.pdf,OK,
462,33bdf731-ed6a-4427-ba67-e706328d35e1.pdf,OK,
463,33c163fa-9f14-4163-afbd-e6429943bef5.pdf,OK,
464,33c6e353-06a8-4d06-af8f-3ffea6b1373a.pdf,OK,
465,33d7d9c8-0095-41a3-8219-7732ece3fa27.pdf,MISSING,file does not exist
466,33f7ba10-fd79-4ed8-91f8-3b83305e00b2.pdf,OK,
467,340a8e6a-bc50-4bb5-a953-08f9e2be36c3.pdf,OK,
468,3468ce68-181b-4773-93e3-d30c85794d44.pdf,OK,
469,347978e3-5677-4f20-999e-978e5ba43240.pdf,MISSING,file does not exist
470,34ac24ee-07d1-47d3-8ddc-bdb5a0301bae.pdf,OK,
471,34aef629-8dc9-4972-8512-c8b8136b270f.pdf,OK,
472,34b9c9fe-7fbb-427e-b115-f9e2c5a8db67.pdf,MISSING,file does not exist
473,34c9c94c-6225-4e14-89e4-01e057c083cc.pdf,OK,
474,34cac97c-9203-4af7-a282-4f257dcba244.pdf,OK,
475,Zou 等 - 2022 - Adaptive fault-tolerant distributed formation control of clustered vertical takeoff and landing UAVs.pdf,OK,
476,34ed34f1-9011-4a54-ad34-3666ac678e3e.pdf,OK,
477,34ee39a7-4c75-438e-a564-9012c00586e6.pdf,OK,
478,34f502c4-73b9-4ea3-90eb-ec95907ccbc5.pdf,OK,
479,351d9048-ed7a-4a32-b9de-3b92097c6fd3.pdf,OK,
480,352d97ed-09b3-4f3b-8d66-b03e9202b39b.pdf,OK,
481,354ada3e-e72c-417d-a219-3632cd14395f.pdf,OK,
482,35d8f1d1-3362-4ddb-888e-9bb1e7f9a5ff.pdf,MISSING,file does not exist
483,365f1f8f-a029-4056-9900-a9b877b6cb94.pdf,OK,
484,3698b8f2-06d3-4b6e-bd9d-09c9c15878b0.pdf,OK,
485,36c5b070-e2fc-4792-a04c-a6b98754c757.pdf,OK,
486,36e6aa80-5b49-4726-a7a1-9c98d5c489d2.pdf,OK,
487,36e96f69-489d-4731-a4a9-94717ca89318.pdf,OK,
488,37080d48-ecca-49e9-bbac-0ed424a09abe.pdf,OK,
489,371b56ac-2105-4e05-8a2d-7d91233be917.pdf,OK,
490,3720abb8-a21a-4d79-b6cb-de1d49e59a56.pdf,OK,
491,374c062b-2004-43c7-9ab4-5bb1296a18cc.pdf,OK,
492,376f7992-bdad-4d52-a8df-cf84b2ca2aae.pdf,OK,
493,377a2a18-a234-4fd0-aeb8-f5f9f618657e.pdf,OK,
494,377aba07-0230-496a-bd10-08427a5415a4.pdf,OK,
495,377e4cb1-e028-4ad8-8412-178cc0705bb2.pdf,OK,
496,37c61807-d539-4341-8206-38cb79a0f872.pdf,OK,
497,37eb9808-14a2-4380-a0a1-49cce0ef27f2.pdf,OK,
498,37fbd054-087f-4b6d-9bad-8621132cd159.pdf,MISSING,file does not exist
499,386c0644-e964-4c8e-b34c-3c1f095064a7.pdf,OK,
500,3876e759-41e4-4ed3-a968-7e9eaeaf9950.pdf,MISSING,file does not exist
501,38a62ec6-7d5a-4a7c-b434-5c710355a875.pdf,OK,
502,38a64ba1-ae6b-4468-a425-314226125b1c.pdf,OK,
503,Xu 等 - 2017 - A software architecture design for autonomous formation flying control.pdf,OK,
504,38d49b26-f923-4f85-b6e2-62a64864cbb3.pdf,OK,
505,38f594c4-ab4b-43ee-9a99-b243f5f0dc85.pdf,OK,
506,39665e65-ec4a-42de-975f-3d228a5338c5.pdf,OK,
507,398ca481-ca40-4f58-aa58-cc913ea7fdde.pdf,OK,
508,398d823c-3489-4a70-acce-24e61fbaf625.pdf,OK,
509,39eb50fc-d35d-49b5-a855-22d2a43ef1a2.pdf,OK,
510,3a054967-c155-4577-b960-6aacf9856579.pdf,OK,
511,3a774a54-c082-43d5-a790-9c5aa961ed12.pdf,OK,
512,3a7e16ab-fe3f-4525-89d7-bd7f78fbaa2b.pdf,OK,
513,3ad1c5f8-fd26-49d3-8de4-f6766e599d8d.pdf,OK,
514,3add6e6e-f3d0-4f38-b57f-0a62476c0f75.pdf,OK,
515,3ade3880-9453-43b2-9f65-ce60b1d3bdc1.pdf,OK,
516,3ae31c86-7cd9-43e8-a98c-ddb0a181f990.pdf,OK,
517,3aec7806-ac36-4e31-9bde-cb812688754f.pdf,OK,
518,3af9b205-b719-45ab-b4c9-c45e69f7b1a2.pdf,OK,
519,Zhang 等 - 2023 - Fully distributed formation flying control of multiple spacecraft by observer-based linear output pr.pdf,OK,
520,3b0f0823-34e2-49f4-865a-a9f74f5355bc.pdf,OK,
521,3b2af166-5f4f-43c3-9e9f-883ba7029d7c.pdf,OK,
522,3b2eb70d-1a7f-4168-8e0e-de86ffbd31eb.pdf,OK,
523,3b3e47ab-58eb-47c1-8812-442c57d8252a.pdf,OK,
524,Cheng 等 - 2022 - Fixed-time formation tracking for heterogeneous multiagent systems under actuator faults and directe.pdf,OK,
525,3b56bba7-d865-4640-b426-bc868d7c0b3a.pdf,OK,
526,3b6c7dd5-343e-42a2-8b10-8ba76dc772c9.pdf,OK,
527,3b88229b-5ca8-4993-9f14-0b59cf9f2c03.pdf,OK,
528,3b90b88c-6ef7-498b-83c8-a83c4930b745.pdf,OK,
529,3bdc3acb-73f2-4e3b-b154-1cb489410a2e.pdf,OK,
530,3be95ee1-ed3f-4b93-8952-9bcfef261a6b.pdf,OK,
531,3bfbc744-f99f-41ad-a787-d46f26e0843f.pdf,OK,
532,3c2c8e4e-4917-43fe-847f-adadeaa6e78d.pdf,OK,
533,3c46fb13-abb6-42ac-9a6d-1b2a0697acfa.pdf,MISSING,file does not exist
534,3c4e4d94-f6a4-43bb-8de2-1ba75c4d3833.pdf,OK,
535,3c4f1910-625a-4133-85b1-d604fd5befe4.pdf,OK,
536,Pereira 等 - 2023 - Distributed model predictive control method for spacecraft formation flying in a leader–follower for.pdf,OK,
537,3c7ab0c2-2fc0-400d-a799-95664a4d87d2.pdf,OK,
538,3c8d1875-fb8c-4b8f-9e46-26a0ca37a0d5.pdf,OK,
539,3c909c84-9c88-4e20-966e-2661599df691.pdf,MISSING,file does not exist
540,3cb13ebe-0471-41c4-b408-2e0922e37f0e.pdf,OK,
541,Bhanu - 1986 - Automatic target recognition state of the art survey.pdf,OK,
542,3d3f18e7-f563-472c-ad7d-0371bbabae3a.pdf,OK,
543,3d41f65d-7c25-4620-8333-eb8398211305.pdf,OK,
544,3d45b3b9-1b73-4e0e-b2df-bb30a8b02ffc.pdf,OK,
545,Li 等 - 2022 - Optimal encirclement guidance.pdf,OK,
546,Lin 等 - 2016 - Necessary and sufficient graphical conditions for affine formation control.pdf,OK,
547,3d90fb1c-f0a3-46eb-acd3-b8d264568a00.pdf,OK,
548,3daeb375-d707-4c5d-a8a2-bd326c005e3c.pdf,OK,
549,3db52d42-f2e7-4ebd-90ae-aad8adce0e9e.pdf,OK,
550,3dc3943c-9332-4342-b88f-854487ac1a75.pdf,OK,
551,3dc50091-095c-4092-b3cc-69394a37a76f.pdf,OK,
552,3ddae31f-3a6c-47e2-8777-4e4dcb70ffe7.pdf,OK,
553,3de833a4-6c03-43bf-b559-ed74b769ac7e.pdf,OK,
554,3df9b36b-bfd9-42a8-a382-a723d3bcfa92.pdf,OK,
555,3e0719b9-d8ac-409c-a864-81aa01a2b602.pdf,OK,
556,3e49f14b-d1fe-4db5-b748-74ac0de44969.pdf,OK,
557,3e4c9a55-f1f9-4d8c-b552-dd842ecb2c70.pdf,OK,
558,3e4e15ac-f396-4732-b27b-7704a2d2f72e.pdf,OK,
559,3e63c617-6b95-425d-a3dc-9ea87274b800.pdf,OK,
560,3e6a5175-3981-4232-a76d-a0ec7fb1fd73.pdf,MISSING,file does not exist
561,3e8469ba-e35e-4c42-89c8-0ca9dde429f8.pdf,OK,
562,3eca6c62-8330-4707-a358-8885858b2c02.pdf,OK,
563,3ecb79f4-7830-444a-a394-a28aede51e48.pdf,OK,
564,3ee5c2e9-5400-48b5-8cc3-34a870f2db7b.pdf,OK,
565,3eefe9df-2b11-4246-9403-e87937bbf1bf.pdf,OK,
566,3f153082-a8dc-49b8-aef0-eebe26367a27.pdf,OK,
567,3f3b3fe6-2cb6-40b6-93dc-20c6931fe75f.pdf,OK,
568,3f40f2a9-a83a-491b-ae9e-a30bfad1f39b.pdf,OK,
569,3f537c24-4682-4a20-8956-82c2b47cd9b4.pdf,OK,
570,3f9f2dbc-9dfb-4c38-a81f-fb83ac639e21.pdf,OK,
571,3fa0b022-24a6-4f5f-8525-4b1183211e00.pdf,OK,
572,3fbb217a-6f61-4ab0-8b00-1b4c8a93871c.pdf,OK,
573,40020de6-5935-4957-8908-260c01c46405.pdf,OK,
574,40262299-7e84-456c-b76b-ce5707592a6a.pdf,OK,
575,403d1727-f3a9-419b-8128-2e74b47f9e74.pdf,OK,
576,40496492-8168-4051-8cb0-749fc225e6c8.pdf,OK,
577,405db88e-eeae-4f0c-b7c9-f8189f8f8edd.pdf,OK,
578,4066a935-4f93-4b6c-ab18-f8d92883a093.pdf,OK,
579,40858fdc-6590-48b4-9c60-9f59c2f6dc26.pdf,OK,
580,Liu和Zhang - 2018 - A survey on formation control of small satellites.pdf,OK,
581,409f5e35-f2aa-47e9-b977-f9a0ee5d249c.pdf,OK,
582,40d83d27-ee45-4e7c-aaa3-08891439a579.pdf,OK,
583,41015ca9-4bea-4ed3-a307-17a28c6e42fe.pdf,OK,
584,415f4f96-bd46-41af-8e3a-ffec075bd575.pdf,OK,
585,Van Der Schaft和Jeltsema - 2014 - Port-hamiltonian systems theory an introductory overview.pdf,OK,
586,41862d53-6f2e-4032-92b5-f6b54251f80d.pdf,OK,
587,419d19f0-e1be-48a5-bc8e-1e5431da6c74.pdf,OK,
588,4239c3e6-ff63-4fc9-8cd6-aaff1a61cda1.pdf,OK,
589,4245d51b-eb08-4c0d-89ff-6c0efbf952ec.pdf,OK,
590,42bdb4be-ff9c-49ec-a132-2676b1eb3198.pdf,OK,
591,42e1e62c-cb2d-4227-a386-5b6050d2eb4d.pdf,OK,
592,430110a4-e8dc-4dfa-856f-1d01fe41fde5.pdf,OK,
593,4306ded1-f059-421e-a8bd-588898e32b75.pdf,OK,
594,4314e9d2-1cd2-4f69-a6d3-4bb0706b6ba6.pdf,OK,
595,43217045-7f16-4554-b10a-cf44a391d86d.pdf,OK,
596,43688126-5de6-4b5f-a250-97d7c00b6a6b.pdf,OK,
597,438b8ba9-2dd4-4753-961c-98776c1b78d2.pdf,OK,
598,43d936bf-3e8e-4b2d-82c3-052debb0e2c2.pdf,OK,
599,43f74675-2085-440f-9a62-6af835fdf48f.pdf,OK,
600,43fbbc24-6c09-40cd-adcd-0e41ff6f0a49.pdf,OK,
601,4416fbd8-e0f9-4249-915f-d4b8caefa0a8.pdf,OK,
602,4418f250-d940-42bb-adfc-dc15837d2888.pdf,OK,
603,443955f8-31b7-4515-a318-b64a22744c19.pdf,OK,
604,445d76bc-1612-494a-90ca-c652469526e6.pdf,OK,
605,445e1885-c252-4eca-9d00-f27d25d6327d.pdf,OK,
606,445f81e8-8f3c-4f09-9fc9-7a037df0c36d.pdf,OK,
607,446bc018-46f6-4f6f-9662-202d2be27e49.pdf,OK,
608,44743aa1-5a9e-4e1e-9f17-b46ba9c9dc89.pdf,OK,
609,4493e059-ddf5-4d0e-b779-8885e49b838f.pdf,MISSING,file does not exist
610,Garcia De Marina - 2021 - Distributed formation maneuver control by manipulating the complex laplacian.pdf,OK,
611,455bf5d8-86f7-4eab-af36-c733fe4aa33a.pdf,OK,
612,458d367a-87d8-437c-81c2-d1a08ebf2255.pdf,OK,
613,45b9d1a7-8cbe-48dc-9a29-7c13dd698540.pdf,OK,
614,45bb037a-46bc-4bfa-a4ce-096d11ed5ac9.pdf,OK,
615,45cf41f5-2f6b-4c5e-867e-bdc96b7966c7.pdf,OK,
616,45dbbd74-72af-4a43-9cb5-c432e068fd4f.pdf,OK,
617,45e41dff-b436-4623-b448-3cb8f6c6f141.pdf,OK,
618,45f78a09-cb32-44c9-8298-b44e1e5bef21.pdf,OK,
619,45fef7ca-54f0-4c88-a92d-dcaaa1b495a5.pdf,OK,
620,4656278a-d94a-496e-aa9e-c52c54870bbe.pdf,MISSING,file does not exist
621,46712f45-a804-4168-abd1-ff925f1ffa75.pdf,OK,
622,Ren和Beard - 2004 - Decentralized scheme for spacecraft formation flying via the virtual structure approach.pdf,OK,
623,46d315e0-86ec-4d60-9c4e-34317a76689d.pdf,OK,
624,46ddff92-4803-462e-9d29-a10fc7eaed6b.pdf,OK,
625,Lin 等 - 2013 - Leader–follower formation via complex laplacian.pdf,OK,
626,470b9895-f2ae-4e28-86c3-f4dc649272b6.pdf,OK,
627,472d1285-0191-45aa-a271-d29909482d80.pdf,OK,
628,47697a14-0986-478a-b4f1-6dc44c15ef39.pdf,OK,
629,477c6258-eb8f-4c7a-b2cd-9d4e20a60c79.pdf,OK,
630,479491cc-165a-46b0-bcda-59223ae60c2d.pdf,OK,
631,4796fcd5-5e61-4180-944b-4846db90524d.pdf,OK,
632,479abfc9-eed4-401d-8ff5-0dce2b4dd41f.pdf,OK,
633,47a48521-2260-41fc-9302-d347f30a96e8.pdf,OK,
634,47c702df-5f15-4938-b3c5-1c3c7475a878.pdf,OK,
635,47cb1372-a1de-4153-9b0f-0107a059cdcf.pdf,OK,
636,47e25b33-3140-4448-8dd8-789fbce7f5e0.pdf,OK,
637,481c7e2f-3af8-4fa9-be9a-e87ae9543604.pdf,OK,
638,484a486e-715d-4ad5-8352-d84598fd9e9d.pdf,OK,
639,4853b4a8-14aa-4222-83f5-ee6b0324d5f1.pdf,OK,
640,48648efb-6f58-417b-8a7c-f1d15c72f0e4.pdf,OK,
641,48851324-b4ab-40ad-9084-319c7b4afc89.pdf,OK,
642,489f1b97-9eb0-49e4-8607-a8b520bd9367.pdf,OK,
643,48aefa7b-ab30-429e-828c-1fb620f8292d.pdf,OK,
644,48b72154-8095-489c-b7e5-732aa54d1f0a.pdf,OK,
645,490dec80-5b17-451e-8ab9-0412b105754c.pdf,OK,
646,49501c08-c4b1-43fe-b728-ee61e3c38b66.pdf,OK,
647,497e1189-b407-403f-928c-cf82438ffa29.pdf,OK,
648,498985e7-855d-4a19-8008-e337087a3fe9.pdf,OK,
649,498e23f3-0594-4e86-8153-b0794b31c918.pdf,OK,
650,49adc860-7c05-4404-905f-11ccac32e9b3.pdf,OK,
651,49b1707a-c1c1-45c6-8ee0-ba4a9dd0a1dd.pdf,OK,
652,Fang 等 - 2023 - Distributed localization in dynamic networks via complex laplacian.pdf,OK,
653,4a3b7145-1796-4868-a88f-42a5b8952f25.pdf,OK,
654,4a77ad81-5984-4cad-819f-c33d99a60318.pdf,OK,
655,4a7ec3d5-8ae2-48a4-91ef-2c2b30eb27fb.pdf,OK,
656,4a7f0867-e928-49e9-93fa-3e1510cd40c7.pdf,OK,
657,4a8d5dbb-9ee6-4a2d-89ea-23d63835f206.pdf,OK,
658,4abdeea0-1a64-4ebe-8193-2f8dfec634ff.pdf,OK,
659,Zhu 等 - 2021 - Distributed event-triggered formation control of multiagent systems via complex-valued laplacian.pdf,OK,
660,4b550930-6fd4-4bcc-b77d-e03fc97fe8ab.pdf,OK,
661,4b5f14a9-04f4-4f61-891e-a7a12d7dc754.pdf,OK,
662,4b9e06b1-7c69-4000-b363-63916299c87c.pdf,OK,
663,4bba9021-9a74-4146-83c6-6fd0885fdf5e.pdf,OK,
664,4c0346b9-818c-47f1-bcf4-9032f4a510db.pdf,OK,
665,4c3edbfb-58a1-4021-85ec-9a53d2fffc93.pdf,OK,
666,4c40723e-8add-4d55-8315-b2e35d7b61e7.pdf,OK,
667,4c5a98d6-6a21-4d0c-aa23-b310d766bbee.pdf,OK,
668,4cb9430e-3cb6-404f-b4ba-3e5fb0344262.pdf,OK,
669,4cf7b3f7-4998-4166-ba49-280967c8f61c.pdf,OK,
670,4d19ba8f-7fa1-4546-91f6-4fc11ca25e03.pdf,MISSING,file does not exist
671,4d395ecd-c4ec-41e2-8820-d02dc67c1f1d.pdf,OK,
672,4d3c99a7-7c49-465b-b230-bc54fbb734dc.pdf,OK,
673,Ranjbar 等 - 2021 - Event-based formation control of networked multi-agent systems using complex laplacian under directe.pdf,OK,
674,4d7b82e9-fbbc-43dc-95ea-7c659e69336f.pdf,OK,
675,4d9d0cfc-259a-475a-8ff0-e24a7681c5e5.pdf,OK,
676,4da733ad-2109-4669-881f-cfa80937cd18.pdf,OK,
677,4db4f38d-8bed-46b7-90f3-f44834ace8e1.pdf,OK,
678,4db77d9d-7a1f-4f95-b393-37c14cfecdcc.pdf,MISSING,file does not exist
679,4dc406fb-2096-4ce8-ac5f-b925e6b3f3b8.pdf,MISSING,file does not exist
680,4de33a9c-5a25-45cc-9bbe-7cb6f2a105a9.pdf,OK,
681,4de602ab-ee12-47af-9630-95b03052250a.pdf,OK,
682,Han 等 - 2016 - Formation control with size scaling via a complex laplacian-based approach.pdf,OK,
683,4eda7de8-24e8-4da6-8575-557ac0ca4a7c.pdf,OK,
684,4ee4c368-8694-483e-9b65-2131abcad418.pdf,OK,
685,4f328198-e908-4b89-a9eb-02ba9b81d46f.pdf,OK,
686,4f3d8aed-0a96-491d-89a4-696ba1912545.pdf,OK,
687,4f545355-12ed-4bd7-961f-e95a9bb78df6.pdf,OK,
688,Lin 等 - 2014 - Distributed formation control of multi-agent systems using complex laplacian.pdf,OK,
689,4f8afd1e-67f9-4661-8c12-5a7fa8ec3d0d.pdf,OK,
690,4f91a7a0-6c48-473b-83a4-19a6da7c3b88.pdf,OK,
691,4fa142f0-f9d2-4971-b3ca-d8496c524bc7.pdf,OK,
692,4fa3bbd8-f7b7-40e0-a6fc-f9319fcf6555.pdf,OK,
693,4faf934d-62f4-4fcd-92f0-4a558c1423bb.pdf,MISSING,file does not exist
694,4fafef0c-fdb3-481c-8fe9-3d7aa43bf251.pdf,OK,
695,4fbb3745-6c33-48c5-b1af-844c4e7b05ed.pdf,OK,
696,4fbd03d1-9394-4a6b-b104-a7055d73d809.pdf,OK,
697,50026517-6a3c-4642-a49d-869c7e2018dd.pdf,OK,
698,503309fb-ecc2-4363-91a3-048bc11630e3.pdf,OK,
699,503fa8fa-393e-4f39-b740-9388073fce10.pdf,OK,
700,5061d60a-f06b-47b6-a3d8-91a594221419.pdf,OK,
701,506d4dba-d5c5-4248-801a-ecaef3449b60.pdf,OK,
702,李 - 2022 - 空间扰动条件下的卫星集群自主重构控制研究.pdf,OK,
703,509120b3-b3d5-4716-9429-115bb36b5a86.pdf,OK,
704,50a41cbb-c281-494a-a511-15571b5038c3.pdf,OK,
705,Restrepo和Giordano - 2023 - Distributed biconnecitvity achievement and preservation in multi-agent systems.pdf,OK,
706,50de9455-9575-4b49-b260-d43aa4ca7753.pdf,OK,
707,50df8434-d233-48c8-9247-476a69c102d1.pdf,OK,
708,5105e252-83bd-49f6-b385-2c01fada7303.pdf,OK,
709,51219ee4-c698-485a-9bdc-d59956ac4658.pdf,OK,
710,516889a0-20ee-439a-8ecd-87daa554498a.pdf,OK,
711,518100b9-a5ab-43f1-9cb7-173bf5743fa9.pdf,OK,
712,518168fc-d031-492c-a024-7c5abb1262e2.pdf,OK,
713,5183a9b5-5269-4110-91c6-0bc5b4e874b7.pdf,OK,
714,51bdf891-8b92-4fe1-bb71-e29055ca89ff.pdf,MISSING,file does not exist
715,51cd12cc-f444-4271-899d-01917001673b.pdf,OK,
716,51de93d7-360e-414d-b232-78d0eedc4e78.pdf,OK,
717,51e23504-88ee-429b-856a-cfb2d903915a.pdf,MISSING,file does not exist
718,51e8b892-dc8d-49ed-961a-8e95be98f8e6.pdf,MISSING,file does not exist
719,51f0c564-4dc2-454f-b4fd-168daeb20bbc.pdf,OK,
720,51f43f19-4607-4c01-b400-9a8003c00810.pdf,OK,
721,52694195-7c48-4d77-9e2c-c62af16f1f6d.pdf,OK,
722,52865f1b-f9ec-4ced-a186-2da0c5b389da.pdf,OK,
723,52905d0f-ae52-437e-aa2d-b8cc018033c2.pdf,MISSING,file does not exist
724,5298906c-e511-48bc-9962-7d299e35573d.pdf,OK,
725,52a192fb-7c62-4673-bbd2-363961549a88.pdf,OK,
726,53175662-52ed-4ba0-ab97-8b60a2f0e5d4.pdf,OK,
727,5355cbd8-8a46-4a95-987f-ea538752a62c.pdf,OK,
728,53762ffe-9602-4c2f-9853-1fcd4e6c86ba.pdf,OK,
729,53843bba-8aca-4f39-9d1d-696204a3b5a8.pdf,OK,
730,53c6b933-5b95-49f1-a7d5-c616e8a38c69.pdf,MISSING,file does not exist
731,Deng 等 - 2024 - Multiple-pursuer single-evader reach-avoid games in constant flow fields.pdf,OK,
732,53e428df-aaa3-4cd6-a993-f74d1932203a.pdf,MISSING,file does not exist
733,Yan 等 - 2024 - Homicidal chauffeur reach-avoid games via guaranteed winning strategies.pdf,OK,
734,545cd143-1921-4edb-9b56-0af7a9ba59e8.pdf,OK,
735,Chen 等 - 2016 - Fuzzy observed-based adaptive consensus tracking control for second-order multiagent systems with he.pdf,OK,
736,54d37f8b-b8fa-4256-a3da-86133be3e587.pdf,OK,
737,55163ae9-d6b7-42d3-b07b-223631f7ee37.pdf,OK,
738,5518b4f5-9a49-4dbc-b201-7cd470147703.pdf,MISSING,file does not exist
739,555ad5d0-4346-423b-a900-429b4ef7a2da.pdf,OK,
740,5561deb6-5632-4545-80b2-0adb2388accd.pdf,OK,
741,55b21863-d87f-41c8-8a80-b3d0636845b3.pdf,OK,
742,55b33aa4-d0fe-419a-ad24-87c4fb78af43.pdf,OK,
743,561a9308-5991-46be-b6ba-16a9288172c9.pdf,OK,
744,562a4c49-9430-4b78-938f-a4662b5c6c29.pdf,OK,
745,563fc659-f0c1-4c1b-82c0-bef1f1957435.pdf,OK,
746,564d91dc-99df-4201-ae43-40a503a142bf.pdf,OK,
747,56637df1-6b00-4cc3-bf64-f5f58993639d.pdf,MISSING,file does not exist
748,566a694c-ba80-4f2a-b3d2-d0e63b933567.pdf,OK,
749,567dd864-86ae-40fa-b918-9d634ca47022.pdf,OK,
750,5692e1cc-b4ea-4490-afa3-dac3976e964b.pdf,OK,
751,569d17ba-55db-403a-bd86-aeb2e8ab91ab.pdf,OK,
752,56e2d2d0-f64d-4aac-b5ec-f1aae5fd565a.pdf,OK,
753,56f29d8f-e4b9-4aff-9ba2-5e79f2012123.pdf,OK,
754,5706721a-2fee-4f4d-9756-a5a1ce927b8c.pdf,OK,
755,5706aee1-1ed5-41af-939c-c2793220d3a0.pdf,OK,
756,57112595-78e8-4af9-afd1-7bb67c1c1f6f.pdf,OK,
757,574b2058-d7db-47f8-84cb-d128cb3aef55.pdf,OK,
758,574c0b55-368b-483a-8eee-2e62e4980682.pdf,OK,
759,576c0b7d-2409-4f4e-8dbc-29c6c1a1d3a2.pdf,OK,
760,5778c357-d2d1-4bce-bc90-956ab7b64fc4.pdf,OK,
761,Fu和Wang - 2016 - Fixed-time coordinated tracking for second-order multi-agent systems with bounded input uncertaintie.pdf,OK,
762,57a9eb70-3968-4515-8203-79c6b4359700.pdf,MISSING,file does not exist
763,58064277-4d2b-4184-9185-2f7051c2dde3.pdf,OK,
764,5809c6b6-03e0-44a3-9d8f-1cd1cde962a9.pdf,OK,
765,5818b085-59d5-4039-afb0-276b98696958.pdf,OK,
766,58216e4b-8ba6-4e85-b368-8cd17a87416a.pdf,OK,
767,58756144-6976-4e36-aea3-7de5c46d4313.pdf,MISSING,file does not exist
768,5876d18d-cabf-4006-b31d-81d85fea4f88.pdf,OK,
769,5881f7b3-df05-40db-bf58-82e4418eee8f.pdf,MISSING,file does not exist
770,58b31a51-876d-4ba1-b861-5cffd292b66b.pdf,OK,
771,58de5cd5-c9ac-4829-aafe-b0f49a3e6509.pdf,OK,
772,58e0c13c-5a45-4b65-84ef-21f381ab563b.pdf,OK,
773,58e83336-30c7-4bfa-a29d-132105aca4cd.pdf,OK,
774,58e84cd2-02d8-4de6-9b19-c9cb53b170c1.pdf,OK,
775,59000dba-b27b-4dec-9cdc-139ac373d7ea.pdf,OK,
776,5937efb5-34b7-4d49-ab85-f5cb31ecc6da.pdf,OK,
777,59495b42-fdd9-4ba0-b4ea-e3d97040edc5.pdf,OK,
778,594a2e71-45ef-4985-82a9-8a048620cc24.pdf,MISSING,file does not exist
779,5950c4f3-c589-46ac-82b0-41c7e17dd6f0.pdf,OK,
780,5950e3ca-010a-480b-a89b-1c5560cc470f.pdf,OK,
781,595ee515-8801-4ed8-95a5-9a90e5569db1.pdf,OK,
782,596d16dc-ff9f-464d-a9f3-f6d9bb2ec3df.pdf,OK,
783,59b1d875-3f07-43ee-8446-950fca862aa4.pdf,OK,
784,59c52e5d-f1e8-4679-94bf-e31d6d273d01.pdf,OK,
785,59e7a5df-57b5-4ee3-be48-6774669498ad.pdf,OK,
786,5a21f98d-2b0e-40b3-8d2a-218966dd2586.pdf,OK,
787,5a2f34a5-14b7-4082-828d-9c2df5c2f164.pdf,OK,
788,Shen 等 - 2016 - Multi-Robot Cooperative Hunting.pdf,OK,
789,5a469a18-0989-43c8-ad74-266c6152ddcd.pdf,OK,
790,5a51f573-d35d-4816-abcb-4885f4284629.pdf,OK,
791,5a591179-3bd4-40b8-8c04-e571ebfa5b84.pdf,OK,
792,5ab2f49d-4af8-475e-88c2-cd006df52c05.pdf,OK,
793,5ac7996a-b29f-463a-bf69-2465f858881e.pdf,OK,
794,5ae6a595-41a4-406f-b072-57efb1450407.pdf,OK,
795,5b16252b-e57f-4be0-b7c3-721c5d5cea9e.pdf,OK,
796,5bb1c7cc-41de-46ff-b5af-bbc84bfaea3c.pdf,OK,
797,5bb5fc84-0bad-438d-ac45-c757696b3b72.pdf,OK,
798,5bb9c3c4-4fff-4278-8735-631d1b5a6d3a.pdf,OK,
799,5bc3864e-4c2d-4ca0-8486-bcf7063cfd8a.pdf,OK,
800,5c14a638-9180-4e25-b221-fdb315f60ef5.pdf,OK,
801,5c34b779-c964-453b-ba12-e81d2b17f2da.pdf,OK,
802,5c56b676-590a-4bed-8509-0fe321899d1d.pdf,OK,
803,5c5bfe46-8693-4270-8864-ef4e9b7bfee2.pdf,OK,
804,5c6045f0-5c40-4986-a31b-346a98f507ea.pdf,OK,
805,5cb3cb1f-f0fa-42a6-958c-48f0e4c5413a.pdf,OK,
806,5cc3c2e5-b649-485b-bbc6-a3f8667de8bc.pdf,OK,
807,5ccf1080-e1d5-42ff-974a-3b555e110007.pdf,MISSING,file does not exist
808,Wang 等 - 2016 - Model-free–based terminal SMC of quadrotor attitude and position.pdf,OK,
809,5d23951b-3964-4f3d-ab76-19040886adbb.pdf,OK,
810,5d3d14c7-24d7-43fe-9770-aaf05c0b1420.pdf,OK,
811,5d462cde-0af6-487f-820b-da80c26bdb7d.pdf,OK,
812,5d493417-7d54-4bce-af5b-c54bec199093.pdf,OK,
813,5d499761-2116-4b7a-9007-d3d82934cb19.pdf,OK,
814,5d6bdf01-dc77-41bb-9c7c-c74561dff894.pdf,OK,
815,5d792c9e-f25b-4504-9bdf-f1c5f79138ef.pdf,OK,
816,5dd4e53b-96e6-499c-b662-d02ee070f815.pdf,OK,
817,5dd8961b-3b6e-4021-a60a-72ab6247a1ec.pdf,OK,
818,5dedca87-3a57-4b8f-8158-4b409b6cefa0.pdf,OK,
819,5e1bebaa-a83e-42d9-bd01-7bbfdba1e4de.pdf,OK,
820,5e249d1c-b27a-4fbe-941b-c7c2bd44e85a.pdf,MISSING,file does not exist
821,5e557f92-e70b-4888-abd0-028e8cdd3ecc.pdf,OK,
822,5e5f39cb-eecc-4868-947d-1dd1f4c35818.pdf,OK,
823,5e9c5e73-3918-4d53-a807-cccf38f9dd5e.pdf,OK,
824,5ea339f2-e696-48ee-851d-8f26cc8102c1.pdf,OK,
825,5ec028a1-33c1-4520-9036-50e578e203b5.pdf,OK,
826,5ec0c703-4c57-4e37-b3a3-b178977ef123.pdf,OK,
827,5ece9fd6-9ceb-41f0-80e9-cb353541c334.pdf,MISSING,file does not exist
828,5f2a84b5-463a-4989-8db1-e4dd68cf859d.pdf,OK,
829,5f39db46-a4d8-4424-8fb1-21022aa67c60.pdf,OK,
830,5f448071-9f3c-4404-b414-538fadf0b314.pdf,OK,
831,5f4a1f71-7833-4281-b64b-02892e46992c.pdf,OK,
832,5f57eaf7-758b-4a35-b340-c207bfd20857.pdf,OK,
833,5f5a35a6-515c-40c4-acb5-ed0b07db5de1.pdf,OK,
834,5f6438a9-5fb9-47d2-b8ce-2b82683d6333.pdf,OK,
835,5f891718-bbcb-47f3-827c-a2471494ee8f.pdf,OK,
836,5fb4d405-9fbf-4e24-bbc3-a3b23457e96b.pdf,OK,
837,5fc29314-279d-4177-bea1-8b7a052fc346.pdf,OK,
838,5fc919f6-4551-4a5a-8cf2-63fb9420e0d9.pdf,MISSING,file does not exist
839,604b368b-7fd5-4729-be75-aa66f0654b82.pdf,OK,
840,605115c3-c22f-4c0d-af49-57d0efd19325.pdf,OK,
841,6082897c-cdf9-45e2-8eaa-dfcc0d6924ea.pdf,OK,
842,60c316e1-2073-421d-b95b-1df234fcefab.pdf,OK,
843,60d38745-8902-4c7e-9aa7-69b96899c523.pdf,OK,
844,60d71d30-9b6b-4449-a777-00043493f634.pdf,OK,
845,60db9500-c634-4161-9c89-d157e1b9fc80.pdf,OK,
846,60e98b5a-4ed1-4d46-a58c-c0c6b073de12.pdf,OK,
847,60f68409-c0cb-42b3-9035-98a1ba83a354.pdf,OK,
848,"Strydom et al_2016_Bio-Inspired Principles Applied to the Guidance, Navigation and Control of UAS.pdf",OK,
849,612f13cf-5cb5-45a0-b779-768a90c7844a.pdf,OK,
850,613f7e90-8513-4581-9889-3d0a00b5ffee.pdf,OK,
851,61539d54-ca1c-47a1-afa3-02ddbfcbf725.pdf,OK,
852,61a7aa0d-e563-4fcc-83a5-7fcddfb16a47.pdf,OK,
853,61ac1b15-587a-4d7a-bcd4-c9ff002f44db.pdf,OK,
854,Kim 等 - 2016 - Robustness of Synchronization of Heterogeneous Age.pdf,OK,
855,61bbdc07-7452-4f90-94b1-ab6a9d3e1dea.pdf,OK,
856,61e73b13-ba60-4bfc-9dfd-4d9932256470.pdf,OK,
857,61f3bb19-d7d9-4325-a3d6-456d08385c39.pdf,OK,
858,620d3cf7-1808-41be-a44b-db440f26825b.pdf,OK,
859,6222f82c-03fe-4b56-b935-ca8717a240f9.pdf,OK,
860,624524ec-ed8f-4f15-a354-7505b6fa7232.pdf,OK,
861,6287662f-5b87-49af-8079-0861c9e7f9c4.pdf,OK,
862,6292657c-a942-4153-be77-75ecb6a59937.pdf,OK,
863,629a66d5-522f-4253-afa6-e53fa70181b0.pdf,OK,
864,62a8545e-7644-4f65-a3e1-3e4aff4c80eb.pdf,OK,
865,62cb3eeb-2d62-4487-b79e-3bb9eabab60b.pdf,OK,
866,62e2a65d-cad8-4f74-ac8e-9b7fabd445e3.pdf,OK,
867,62e6326b-8e50-4129-9537-7565701c74e4.pdf,OK,
868,62fac0f1-65bc-483e-a802-1582ecc538d9.pdf,OK,
869,630fcd5f-4786-4d46-a937-c4adadd19967.pdf,OK,
870,6317e0f7-a950-4db6-87a2-dc524fec522c.pdf,OK,
871,6318b192-e965-420c-ad6d-9c2b349ec345.pdf,OK,
872,6328ccd7-a6c6-4414-9f41-34bd7c7a2610.pdf,OK,
873,635c813c-feba-495f-b208-75845806fc8e.pdf,OK,
874,636d355d-9c83-4191-8e42-5715ea957260.pdf,OK,
875,637e7185-7ce2-4a0f-b259-aa69e3444d6f.pdf,OK,
876,6399a570-c311-47e3-9821-5f56f7bca185.pdf,OK,
877,63b79810-f6df-44cf-8c1a-e3b3d6e512c8.pdf,OK,
878,63c2118f-74d9-4abf-aca9-6d3e39e4364a.pdf,OK,
879,63c2958f-668b-4618-88c2-51dea1d6b06d.pdf,OK,
880,63efa2e5-1fed-463c-bb7e-4a9191f4bd5c.pdf,OK,
881,63f4a4e5-8edf-4fe2-95e4-2602f845afbb.pdf,OK,
882,63f4bc4b-66f7-4970-bdba-48449b16a113.pdf,OK,
883,64223cdc-0683-472f-b26c-1f5e46dad21a.pdf,OK,
884,643b4e8e-e2a0-4804-ae55-d960d786d0fc.pdf,OK,
885,643c556b-b245-47a3-9b91-78e8b309836b.pdf,OK,
886,6455879e-607e-4ea2-9009-6dbb4fd45dba.pdf,MISSING,file does not exist
887,6467ef29-55be-47c7-acd7-6f904deb14d1.pdf,MISSING,file does not exist
888,649208de-370d-4d16-bdbd-354e1cf6e679.pdf,MISSING,file does not exist
889,6497d7bd-3667-4718-b4c1-ff88bb0ea78c.pdf,OK,
890,64aceede-fa2b-478f-a016-80a6ae5987a9.pdf,OK,
891,64b2e294-f951-471f-8494-858d51dd8e0b.pdf,OK,
892,64c9ea95-3c4f-4f14-9e56-a767a5d54d55.pdf,MISSING,file does not exist
893,64eaf676-f667-41f2-88ca-812d4f7e6ea4.pdf,OK,
894,64f69bbe-6e62-470b-b150-a506060db395.pdf,OK,
895,651dbf2b-8f4b-42ab-931f-35d9a71c7601.pdf,OK,
896,6529c6e4-8a95-4391-a892-3d5cb4246acb.pdf,OK,
897,65405c08-41a5-440f-a0cd-9cc6b70e7b57.pdf,MISSING,file does not exist
898,657a1ac3-6f3c-4a97-ba48-02711198212f.pdf,OK,
899,Chen和Chen - 2016 - Robust perturbed output regulation and synchronization of nonlinear heterogeneous multiagents.pdf,OK,
900,65ab1846-8b24-4130-a80d-12abcc971c46.pdf,OK,
901,65ac0eaa-1b7f-4504-ad8e-43dd0e44470d.pdf,OK,
902,65beecbb-d0dc-4028-bed9-b72b214cf334.pdf,OK,
903,65cf06fe-e18a-483e-9231-e8c5f0ff5985.pdf,OK,
904,664fb559-5254-430a-8ded-d973cf147c41.pdf,OK,
905,66903494-c53b-45f2-9684-8bfa86d0b4cb.pdf,MISSING,file does not exist
906,66a11067-8eea-4f4f-8ece-f793c30f5884.pdf,OK,
907,66b37f32-4f23-4d31-8c8d-39a2b3558669.pdf,OK,
908,66d356ed-ca59-4dca-b699-b9bba9468a27.pdf,OK,
909,Wang 等 - 2016 - Distributed adaptive consensus tracking control of higher-order nonlinear strict-feedback multi-agen.pdf,OK,
910,6706692a-2676-4254-a985-db916e917b90.pdf,OK,
911,6708ee19-aedf-4ec9-8f4e-4836cab4a71f.pdf,OK,
912,67191675-9b5a-4bed-961b-cbccbbe886a5.pdf,OK,
913,6724abeb-f21c-46e3-bd77-b53768fc25ef.pdf,OK,
914,674b9e46-309a-40c1-88e0-099b68c9ab2e.pdf,OK,
915,674f91be-ae52-4381-a91e-c85ad4e4d119.pdf,OK,
916,679d6143-54a2-49c0-a16b-c4233ac5ff4e.pdf,OK,
917,67b543a8-dbda-4a53-990c-6fa7e914ac38.pdf,OK,
918,68060b07-d99e-4ec8-b4ec-c9dde53410d9.pdf,OK,
919,6826afd1-7ff5-49f8-9303-cc7dce321a2d.pdf,OK,
920,683e730d-4032-417e-b71f-cd74e6d5c3a3.pdf,OK,
921,686c51b4-201d-4057-8280-e366b9038db0.pdf,OK,
922,688319c6-7669-4f82-a75a-c8497e1a75f9.pdf,OK,
923,68beb7f0-ac48-4fd9-88dd-8225949b8905.pdf,OK,
924,68d5d581-5205-41cd-a531-2ff99e91e110.pdf,OK,
925,68dcffe7-08b7-493f-a56d-c318d2aee4d7.pdf,OK,
926,68e420ed-e0ba-46b2-9dfe-37500a24d6db.pdf,OK,
927,690a0e44-89de-40cc-9bd8-4b458f492fb6.pdf,OK,
928,692ed902-85cf-4864-9ce9-827f536a304b.pdf,OK,
929,Basin 等 - 2016 - Continuous finite- and fixed-time high-order regulators.pdf,OK,
930,69995a34-40fd-4ce2-9ed9-ac38d761d5c9.pdf,OK,
931,69c68b94-45ef-4a24-b073-af6a6b39bb69.pdf,MISSING,file does not exist
932,69d10d7d-ade1-4fce-b89c-841329c118be.pdf,OK,
933,Liu 等 - 2017 - Distributed Consensus Control of Multi-USV Systems.pdf,OK,
934,69f24a3c-81c7-48cf-bcb3-ddc49f8cf311.pdf,OK,
935,6a12303e-3d09-4d87-a217-a33d9ca5bb5f.pdf,OK,
936,6a3e91d2-092f-41ab-b27c-d0cbdd22980d.pdf,OK,
937,6a435b92-706c-4210-b2f6-f89949286100.pdf,OK,
938,6a7f504c-7cae-4462-bc58-cf73b8f7c9dc.pdf,MISSING,file does not exist
939,6a7fe0be-4d97-49a6-a707-cfdd13b3255d.pdf,OK,
940,6aa3e44d-9798-4beb-a99d-9fe74fc0178c.pdf,OK,
941,6af9c1bf-61f2-4a6b-b5b8-e11fb5328037.pdf,OK,
942,6b1e65ac-5ad5-4341-8c78-4b2edf9b3b97.pdf,OK,
943,6b3c1159-c087-460e-8d7b-9c7a91ab6553.pdf,OK,
944,6b4f63ae-a711-4645-b336-7486e0e67e9e.pdf,OK,
945,6b66cf77-6567-4cd9-b1f7-bab8f45718eb.pdf,OK,
946,6b7c5109-e1ba-4ec0-905a-5c01f8cb4200.pdf,OK,
947,6ba984ee-e6b0-461c-a7a0-16b61fbd5cbc.pdf,OK,
948,6bd4d2d1-7af6-4112-8c86-930554f809df.pdf,OK,
949,6bf9a843-fe66-49af-a022-e2ee1bb67142.pdf,OK,
950,6c25a724-c391-4e74-9982-64df1bfb6ad8.pdf,OK,
951,6c3473f6-243f-46c0-a5c8-3eb6d46378d9.pdf,OK,
952,6c5b02b5-c7ff-4bf8-9898-92ded8a43fe7.pdf,MISSING,file does not exist
953,6cc04a7a-a4db-4cae-bb34-2b2c24cd933f.pdf,OK,
954,6ccef93a-59fa-4fa2-825a-202d7ae45ee3.pdf,OK,
955,6cf33638-2f42-4cf2-a58e-f2a0f7b67af5.pdf,MISSING,file does not exist
956,6cfb9721-cff3-4193-8d04-5afe86ee1154.pdf,OK,
957,6d195998-4694-4105-8901-e6f93a6335a4.pdf,OK,
958,6d5aa4fb-78cb-426f-ad95-98e02d1f50c5.pdf,OK,
959,6d5c76b5-67a8-4dd2-bcad-4130558dde03.pdf,OK,
960,6db2bfe1-f735-4705-8d95-0f88fb14cdcb.pdf,OK,
961,6dc7ee79-907f-408a-ba6c-de752013e60f.pdf,MISSING,file does not exist
962,6dd07324-ed93-4eae-b620-dc716d2bace1.pdf,MISSING,file does not exist
963,6ddc1674-a852-45bf-b23a-4b093603ba88.pdf,OK,
964,Hou 等 - 2017 - Terminal impact angle constraint guidance with dual sliding surfaces and model-free target accelerat.pdf,OK,
965,6dfd2a21-67b8-425f-a32f-4252506002f9.pdf,OK,
966,6e082724-1e74-45f5-88b5-fc1aa901c2df.pdf,OK,
967,6e356a40-03a7-4e28-b900-118ea31197f2.pdf,OK,
968,6e47ab6d-1e14-496d-b665-a05204f996b7.pdf,OK,
969,6e4ab69e-627d-4c98-b7ee-fb6bae5142d4.pdf,OK,
970,6e76518f-6d20-4976-86ec-ba27bdef6c55.pdf,OK,
971,6e77223a-7c0b-4e57-ad03-7b8f5b76e4e1.pdf,OK,
972,6ed38882-a340-4ece-95e1-f96e65d0f727.pdf,OK,
973,6ee90022-633d-40dc-b179-8ca0c4e42a21.pdf,OK,
974,6ee993ab-7459-476c-9fa8-e84592fcb870.pdf,OK,
975,6eef38f4-381c-47cb-a873-eb0ab6bc3d31.pdf,OK,
976,6f0091b8-960d-44b9-acde-5ca758806c0a.pdf,OK,
977,6f0ea5b8-0ea0-425f-8a1a-eaf031bf309e.pdf,OK,
978,6f1cbc4b-8341-4ecf-8707-88050842161c.pdf,OK,
979,6f3294e4-2fb6-4b09-82ae-c0428dee7447.pdf,OK,
980,6f32a381-8c00-45f3-83a2-b76612699444.pdf,OK,
981,6f350f3a-f2a5-4bd5-8f4a-01a365f7d040.pdf,OK,
982,6f39a633-280f-4eaf-8177-857ef0b2dc06.pdf,OK,
983,6f476249-cf83-4996-b875-9d2099b88c9c.pdf,OK,
984,6f4b696d-84bd-4cd3-ad87-83dd044e9f4a.pdf,OK,
985,6f653bce-11ee-421a-8673-097411772c18.pdf,OK,
986,6fbf1360-c8be-450b-899f-22d0bf249420.pdf,OK,
987,70043f25-c07f-4f7e-baff-9edf15eb618f.pdf,OK,
988,705217ed-cf2f-44b3-b178-28379c1b32db.pdf,OK,
989,70672bb6-20cd-4c6e-b061-44b4379f711d.pdf,OK,
990,70aaf147-f2b0-473b-a2ba-981c1bd77743.pdf,OK,
991,70ab8f66-3163-4854-b0f8-e03e3ed0734c.pdf,MISSING,file does not exist
992,70b8fd40-35e0-4d0e-8b91-a9f4cbfa44e7.pdf,OK,
993,70c73157-545c-45c5-b9c7-7f4609d317b1.pdf,OK,
994,70d2c36f-375a-444e-b733-ca504b274f8b.pdf,OK,
995,70d59884-faad-4d9a-9f76-e7d31b97d7da.pdf,OK,
996,710ac4cc-ed6d-49a8-9dbf-aca037655207.pdf,OK,
997,7131845c-467c-492e-abce-84f645c96a6b.pdf,OK,
998,7147e163-2fa6-428a-bddd-b35aa2d1dfe1.pdf,OK,
999,715964f7-8aab-48fc-93a1-b49ade116c1e.pdf,OK,
1000,716b6300-931e-438e-a1ec-00e00bfe32b8.pdf,OK,
1001,716ebbe3-4a79-459a-8d4a-ec92802fb3b8.pdf,OK,
1002,71aa29b4-154e-4d00-9714-7ee986c51daf.pdf,OK,
1003,Miao 等 - 2017 - Cooperative circumnavigation of a moving target wi.pdf,OK,
1004,71be8ab4-5f07-4fad-998f-6243fdd43131.pdf,OK,
1005,728621af-2ed8-4da2-bbf8-e0ef12d7e429.pdf,OK,
1006,728c49bc-c2b8-4538-8869-c5477e138c87.pdf,OK,
1007,728d36b6-2644-4a74-b33c-7e6cb0c25c06.pdf,OK,
1008,72992566-90c4-4010-a230-b8fd4ea49546.pdf,OK,
1009,72a0ce0f-3ac1-4aee-b27c-66eac23aae79.pdf,OK,
1010,72a93696-8da0-4b9a-84ba-6e41ab6c58c1.pdf,MISSING,file does not exist
1011,72bf21f1-5af7-4642-9668-62f5942f223f.pdf,OK,
1012,72c475d3-12f8-42a4-a297-72f108c2eaeb.pdf,MISSING,file does not exist
1013,72d02108-5367-44ea-9ceb-0a3dd32677b9.pdf,OK,
1014,Lopez-Nicolas 等 - 2017 - Formation of differential-drive vehicles with fiel.pdf,OK,
1015,7352b0a5-3d64-4379-a55a-8dce18c77324.pdf,OK,
1016,736c489a-a566-43e6-a9f3-4892602b2c98.pdf,OK,
1017,739ec20b-2b7f-4917-b67d-73c7f7db9323.pdf,OK,
1018,73c132b8-e9fd-4627-80cc-436bfdade5f2.pdf,OK,
1019,73c6026b-1a02-4599-af1b-412d3a8f7728.pdf,OK,
1020,73d93364-d4ae-4325-80d4-0e2a61f6fa70.pdf,OK,
1021,73f49bbe-55fc-4c83-abbd-35e9830755e9.pdf,OK,
1022,7404a657-21f0-4a38-814c-f185538bbd8d.pdf,OK,
1023,740a876d-f23a-478a-b15e-374890684889.pdf,OK,
1024,74164316-da7f-4f6b-aa68-cd97dc5f9dd4.pdf,OK,
1025,742f7a6f-7ee2-49f7-8516-a8aa2d253206.pdf,MISSING,file does not exist
1026,745dfc13-bb26-40c9-9590-c66d5290dd07.pdf,OK,
1027,747b3ce5-b5ec-4d3a-a6a1-e8da6c793dd1.pdf,MISSING,file does not exist
1028,7493c3bd-7e04-4e2b-ae9a-ad1958e6703f.pdf,OK,
1029,74c663c3-8a91-4f8f-a9b2-5db1540a3d7e.pdf,OK,
1030,74c9c182-c717-42e3-8284-f79d6af63bf8.pdf,OK,
1031,74cd8614-f986-49d4-906b-c14f6e968988.pdf,OK,
1032,74fd157f-52a7-4e68-81ed-ca75c5c9884e.pdf,OK,
1033,75194a82-cd8c-4dd6-9dbb-0ba09c25947a.pdf,OK,
1034,7520bfd1-b3ee-4a17-8550-83dd570f8327.pdf,OK,
1035,75383ec3-467a-4375-b091-0118951a9adb.pdf,OK,
1036,7581d511-e52e-434f-ad37-86f85e47ec7a.pdf,MISSING,file does not exist
1037,75acd06d-4ad8-4254-9dbe-4fd17985b915.pdf,OK,
1038,75bb64f2-490c-4d49-ac55-64d7a5f44b44.pdf,OK,
1039,75bb7906-a410-4e0f-857f-0ef9dd5a9bbc.pdf,OK,
1040,75d4b3f6-4f0c-42b1-a20f-09d9bf21dddf.pdf,OK,
1041,75d77641-5339-430d-a3e1-b6bf30ee7b32.pdf,OK,
1042,761ca0ff-1393-465e-b303-dde7623f7045.pdf,MISSING,file does not exist
1043,7637ab49-6493-4301-95a7-a9ababec4ed9.pdf,OK,
1044,76765523-9ead-488c-9fae-d0533eb9dae5.pdf,OK,
1045,76980d38-2013-430a-a1fb-2b0aa1946909.pdf,OK,
1046,76995c90-a617-461f-931f-5774dd35e68f.pdf,OK,
1047,769e6cb3-2e37-4cfa-a1b4-0349f28c3761.pdf,OK,
1048,Silun 等 - 2017 - Spherical formation of regular tetrahedra.pdf,OK,
1049,76ca057d-422a-4975-bc99-5e9e93f25a87.pdf,OK,
1050,76cb66ed-9518-41ca-98e7-dfc0b4c90bcd.pdf,MISSING,file does not exist
1051,76cce772-1103-48b8-a259-06a3dd8bc997.pdf,OK,
1052,76eb7708-9ef0-4c09-b84d-c4f559a11740.pdf,OK,
1053,76fa96d0-7127-4128-b200-2672437fc8a5.pdf,MISSING,file does not exist
1054,76fc0d01-bb68-414e-9861-98e367c3c921.pdf,OK,
1055,77002638-93de-4786-8f5c-eb3698c89ef2.pdf,OK,
1056,77222043-0025-4ea6-84c8-0517245ac3bd.pdf,OK,
1057,7725e815-9792-4fa2-b515-e460e6e11820.pdf,OK,
1058,772942de-2722-4e9d-ae8f-b0567506f897.pdf,OK,
1059,7733e3a5-345d-4151-a37e-d902aecad5d2.pdf,OK,
1060,7798bbb0-5db4-4d9d-8a39-bd59e7e9dc1c.pdf,OK,
1061,77ab44b8-9f67-40e6-9d6f-2b0bbe937016.pdf,OK,
1062,77b8b411-71de-4213-8759-4eb63d0e528c.pdf,OK,
1063,77bc21af-53ee-4232-8358-0f246d9bc1f7.pdf,OK,
1064,77c81978-ec5d-48e2-b0af-0676fa092200.pdf,OK,
1065,77e23f6b-3ea8-44a1-9b53-970483083bac.pdf,OK,
1066,77f4c5e4-2231-4589-bc25-1958725afeb7.pdf,OK,
1067,781ce2af-5930-4023-92d7-259854492bc3.pdf,OK,
1068,781f9508-703c-4db5-94c5-30b216830ca8.pdf,OK,
1069,785cc1c1-298d-4d65-8ef2-d1edcc364bf5.pdf,OK,
1070,78801b7a-ff5b-4a75-a621-e65e590416d4.pdf,OK,
1071,78868e44-6ff2-421e-912f-aee57add749a.pdf,OK,
1072,789757af-ae55-402e-bb36-202fb9acac89.pdf,OK,
1073,78b03fbe-a3d3-4771-9483-6eac64c9f20a.pdf,OK,
1074,78b1525a-6581-424f-8954-0276150b5e38.pdf,OK,
1075,78cdc56c-295d-4d03-89ea-0d131ee9edf8.pdf,OK,
1076,78e661b4-ff4a-4559-9936-259f2d43d784.pdf,OK,
1077,792246bb-70f9-4237-8316-5af8ba33afa2.pdf,OK,
1078,79295de0-7da0-428d-a0db-2aabff0b2eaa.pdf,OK,
1079,792a6ade-5bd4-4207-8ef5-dee68a117860.pdf,OK,
1080,792becac-1806-40f7-adff-84dc037b63d6.pdf,OK,
1081,Yu 和 Liu - 2017 - Cooperative Control for Moving-Target Circular For.pdf,OK,
1082,Shoja 等 - 2017 - Surrounding control of nonlinear multi-agent syste.pdf,OK,
1083,7958f449-1478-460f-b6dd-8ca63eb6e3e2.pdf,OK,
1084,795a4d0f-07c5-46e4-b65b-6478b8ce1bfb.pdf,OK,
1085,79725b1d-f116-4a98-ad95-0f13266c8e3d.pdf,OK,
1086,7a3a3c98-2dd7-4a6a-96a3-a8236b551c1a.pdf,OK,
1087,7a63fb81-9b79-4045-9b4a-c777ed31b03b.pdf,OK,
1088,7a7fd27c-2aa2-49ab-9d07-3fefe4b8d4e9.pdf,OK,
1089,7ab138f6-c936-4490-85f5-eebb1d47cf71.pdf,OK,
1090,7ac3e24c-6827-4260-af9c-20a24518211a.pdf,OK,
1091,7ad2988e-f75e-478f-9e0f-9db855379538.pdf,OK,
1092,7ad5e0a9-923a-4821-a87f-c6e70162c11a.pdf,OK,
1093,7ae57b17-0509-4fae-bccc-20b8005bf3f1.pdf,OK,
1094,7b111089-590b-4485-921e-d339aec71fbd.pdf,OK,
1095,7b151c05-4988-4aed-b42c-2e1ee664bd31.pdf,OK,
1096,He et al_2017_Distributed adaptive control for time-varying formation tracking of a class of.pdf,OK,
1097,7b4f82d0-9d17-4e3f-b82f-4338b331d650.pdf,OK,
1098,7b67d6f0-0fa4-41c6-a863-0cb8afc24569.pdf,OK,
1099,7b8a0bd1-aee4-4b5f-8998-1582cf61dda9.pdf,OK,
1100,7bdf5128-bccc-4caf-b131-af93a4d36e91.pdf,OK,
1101,7bf197a3-9449-4179-8a25-3a0ff07f5f0b.pdf,OK,
1102,7c056f5d-cf15-413c-940b-24726f8c6f16.pdf,OK,
1103,7c13068d-67ca-425c-9d1c-9e9661a0a29a.pdf,OK,
1104,7c16ccad-cc31-44e7-8d8c-cd0f141eadf2.pdf,OK,
1105,7c32702e-4f07-4511-8642-1f635110a97d.pdf,OK,
1106,7c4683d8-3146-4272-ae8b-cf6508997e6f.pdf,OK,
1107,7c68ed20-a1be-4091-bf14-34212121390d.pdf,OK,
1108,7c6e6b5b-637b-40b7-811c-029152f1aa70.pdf,MISSING,file does not exist
1109,Kan 等 - 2017 - A Finite-Time Consensus Framework Over Time-Varyin.pdf,OK,
1110,7c7d81c7-5c05-492d-81b7-274b333cd27b.pdf,OK,
1111,7c8f72ea-d000-4963-a718-3b79b60049af.pdf,OK,
1112,7cc706ea-8ca6-427d-9cdc-75b64bd2992e.pdf,OK,
1113,7d070cbe-33bb-44c2-b222-d45fa477cb3d.pdf,OK,
1114,7d5cb73f-51c3-4341-9353-90d42ea96d10.pdf,OK,
1115,Wang 等 - 2017 - Distributed active anti-disturbance consensus for leader-follower higher-order multi-agent systems w.pdf,OK,
1116,7df996bb-9ce3-4b8a-bbf6-66feffaed7bc.pdf,OK,
1117,7e234f5e-d58e-44ec-ab9b-e327c437c463.pdf,OK,
1118,7e269199-c674-4bbb-9db9-83f43247ae07.pdf,OK,
1119,7e31d899-d485-4204-a9b2-b9e28b6f8ec7.pdf,OK,
1120,7e3629dd-0cd7-4225-81bd-68e1f8499ee7.pdf,OK,
1121,7e39aadc-055a-41b9-9d7d-1af36156f975.pdf,OK,
1122,7e67dab2-cef3-4888-a26b-e79ad7fe5398.pdf,OK,
1123,7e69c8d0-0f29-4d24-a459-1297de5164bf.pdf,OK,
1124,7e7defea-0d49-4c01-a5b7-c4362402be4d.pdf,OK,
1125,7e96627d-9347-4ed2-8bb6-a81d8a592fc1.pdf,MISSING,file does not exist
1126,7ebd46dc-04a9-4bd1-810d-4e7a3cea8544.pdf,OK,
1127,7ec163ff-dbe3-482c-a4ae-678365b8cf11.pdf,OK,
1128,7ec9870e-964b-4a77-9464-5ef03fb44052.pdf,OK,
1129,7eca7aa7-4c85-475f-b878-f17c061cc1fa.pdf,OK,
1130,7ecedc7e-d8ed-44e5-97bd-9863e21f6738.pdf,OK,
1131,7ed3f722-c04f-4185-9219-7860629e416c.pdf,OK,
1132,7f1330db-48ca-4fdb-82be-8b2329263ffe.pdf,OK,
1133,7f1867af-74e4-4b82-a1aa-f9f6e7c6cc9a.pdf,MISSING,file does not exist
1134,7f1e8c4f-236e-4877-b3b4-fa33979f733b.pdf,OK,
1135,7f4c484d-9eeb-48fd-b181-12994b951ba4.pdf,OK,
1136,7f76c64a-8bc4-45f4-9df3-736594732231.pdf,OK,
1137,7fa799ba-e8ea-429a-a0cd-631c3b9059e5.pdf,OK,
1138,7fd50446-f569-461a-817a-2e92c0dfe06f.pdf,OK,
1139,7fda8ac4-5273-4236-b48c-98e875faaf4f.pdf,OK,
1140,7fe94fae-49cb-44d3-a537-9db8b75d4237.pdf,OK,
1141,Du 等 - 2017 - Distributed Finite-Time Cooperative Control of Multiple High-Order Nonholonomic Mobile Robots.pdf,OK,
1142,Kumkov 等 - 2017 - Zero-sum pursuit-evasion differential games with many objects survey of publications.pdf,OK,
1143,80087242-e3a7-4a68-a8a5-483ad45f807d.pdf,OK,
1144,8013b981-eb99-4375-a721-642b13ed6b57.pdf,OK,
1145,8027b622-fde9-4f7e-ad0e-83e4cbc87aa5.pdf,OK,
1146,8058d512-2613-49d0-b655-b9f8e3f82b52.pdf,OK,
1147,8091b8a0-4e40-4e99-958c-d7d370ab33bc.pdf,OK,
1148,80c3b8f9-7344-45bb-b7f7-8e134d212d9d.pdf,OK,
1149,81086e38-b15e-4ebf-ac3b-3dac9a801ee7.pdf,OK,
1150,811e7e42-771b-464a-8649-5f0861b5ba7d.pdf,MISSING,file does not exist
1151,81335b90-963a-46cf-9997-c3d770a75d7e.pdf,OK,
1152,81a8baa6-dd99-407d-becd-67d6cc3e0476.pdf,OK,
1153,81cd4629-8087-411b-9b02-5ec9626f4e91.pdf,OK,
1154,81d21f71-4143-4145-95b7-f0349610e0ac.pdf,OK,
1155,81f0b4b4-9f58-4569-9efc-691f846daf29.pdf,OK,
1156,8203a719-603c-4cac-bf97-613238853744.pdf,OK,
1157,823d59f4-64cd-4b23-a56b-5dfc24300b21.pdf,OK,
1158,Yang - 2017 - Robust consensus tracking control of second-order nonlinear systems without using velocity informati.pdf,OK,
1159,8265d061-42ff-4bc6-a545-9c3f0f901147.pdf,OK,
1160,82a17741-3db9-4ca1-9592-5bce0ba43b94.pdf,OK,
1161,82e8bcd4-d484-4b73-bfd7-0a4d971c3091.pdf,OK,
1162,82f2a76a-47a5-4ce0-b13c-d40ffa988f70.pdf,OK,
1163,82f994ae-5dc5-4a2f-8990-62f0e209c604.pdf,OK,
1164,82f9cc69-5915-46dc-8d12-7b7f4383211b.pdf,OK,
1165,8304d3ae-3b1f-4ac6-9d96-5b669f3096cc.pdf,OK,
1166,830b0291-0657-4d46-a563-7f9f6ef57b29.pdf,OK,
1167,830fdc8a-9242-4561-9507-74f55b13a9c8.pdf,OK,
1168,832eb6aa-fad5-4230-9a89-78c76da91231.pdf,OK,
1169,8344497a-3283-4e00-ad3f-790f1b85a358.pdf,OK,
1170,8373cf5c-18df-4b1c-9ae2-e610b4b6a7af.pdf,OK,
1171,838323f8-4a4b-4b05-83c7-fc867ed20772.pdf,OK,
1172,83b83cb8-d0b9-4d38-baef-d4e5b0e2a435.pdf,OK,
1173,Foehn 和 Scaramuzza - Onboard State Dependent LQR for Agile Quadrotors.pdf,OK,
1174,83e59f6f-fb5d-4277-8142-286543e5c8e0.pdf,MISSING,file does not exist
1175,83f93683-38d1-4256-ad49-f3282c4933d4.pdf,OK,
1176,8401a258-212a-4e72-a968-ffcfeea2386d.pdf,MISSING,file does not exist
1177,8406b763-e3fe-4435-9cdb-8b58f0930ae9.pdf,OK,
1178,84101b57-95d5-479f-a8af-47a6276f539a.pdf,OK,
1179,841cacdb-6049-42de-a7f6-f4d788a7c674.pdf,OK,
1180,8470b33d-49ea-448d-bb2e-835a429eabd1.pdf,OK,
1181,8480b6bf-696b-4e26-9a2b-6c2b7b5d19ff.pdf,OK,
1182,84c15da9-d3b4-4aba-a4b1-74e1b975bab1.pdf,OK,
1183,84e951cc-96a0-4119-b64a-506ed2910d1e.pdf,OK,
1184,85003069-6862-4340-a52a-8dee27b66051.pdf,OK,
1185,8507d020-ac29-4f82-8a09-9201437fbe27.pdf,OK,
1186,85166044-df6c-4350-9bfd-d190b8472da4.pdf,OK,
1187,85179b8c-c2f4-4201-9234-d94c82020e1a.pdf,OK,
1188,851f2dcb-d0a8-4fed-b20a-d1fefaea368b.pdf,OK,
1189,852a9a30-e44c-445b-815c-1093786783dc.pdf,OK,
1190,852bb9ce-fff4-4a32-8d31-429e730cc488.pdf,OK,
1191,Frank 等 - 2018 - Bearing-Only Formation Control with Limited Visual.pdf,OK,
1192,8569fed6-b94e-40c7-a8ff-7e1df8fb761c.pdf,OK,
1193,8582e046-46df-41ec-8e87-1f3394945989.pdf,OK,
1194,859957c8-5776-4355-8b32-782abc833939.pdf,OK,
1195,85badeee-8ff3-49cc-bbd6-3f7f6ec88b3f.pdf,OK,
1196,85e7496a-e32b-460f-b60b-7d0cf9117bce.pdf,OK,
1197,862bbd29-4648-4c40-83d8-d0a89f586b7a.pdf,OK,
1198,863d7ba9-655a-40fe-a0f8-20e4d11243e4.pdf,OK,
1199,86856b4d-66f2-4497-83e6-c3075687c5e2.pdf,OK,
1200,Urakubo - 2018 - Stability Analysis and Control of Nonholonomic Systems with Potential Fields.pdf,OK,
1201,870ad3ad-99c6-442e-81b6-1976cc4c4422.pdf,MISSING,file does not exist
1202,8737d862-1832-4289-95e1-f38903dd2515.pdf,OK,
1203,87472e39-efbf-4449-8f58-912450171256.pdf,OK,
1204,8770d89d-0e64-454c-9bfa-ac9ef4b1a33a.pdf,OK,
1205,87801d25-182b-4dd2-93f2-4abc8486acb9.pdf,OK,
1206,878d1972-2baa-4fe8-b979-6073e36e2d6e.pdf,OK,
1207,87990391-ee20-4a97-94a2-4ad6a1b90977.pdf,OK,
1208,87994cda-be97-46b0-8909-675fc42183da.pdf,OK,
1209,87bdd9a9-594f-4530-aa63-dded769b4cd9.pdf,MISSING,file does not exist
1210,87c086a7-bf38-4b29-93f7-03df1795682a.pdf,OK,
1211,Wang 和 Song - 2018 - Leader-following control of high-order multi-agent.pdf,OK,
1212,8813c499-6f96-4d73-927e-f50a3d2c3007.pdf,OK,
1213,881cae36-650e-413d-887a-7953bac03bdb.pdf,OK,
1214,883bd257-b04d-4eb2-9973-8ac44cd3f9e9.pdf,OK,
1215,8848899d-cd97-4291-a3ee-34b63c2e4a6c.pdf,OK,
1216,884c4a4c-a83e-4630-95f8-4a5cc178529f.pdf,OK,
1217,884df17b-df23-481e-9946-bb7ab169e967.pdf,OK,
1218,885a4dc5-6da1-4f0a-a38e-4ab8d79d0946.pdf,OK,
1219,88810af9-5e52-47c7-9a64-4a381697ee4f.pdf,OK,
1220,88b37205-f16b-4775-9aeb-57bc4f00bf29.pdf,MISSING,file does not exist
1221,88e82e70-34b7-492d-8a69-b3dbc14ad5a8.pdf,OK,
1222,88f88c7e-3a70-4f8f-a7ba-b9bbb26673f7.pdf,MISSING,file does not exist
1223,891d34db-5dff-4995-9e5c-84d2b28ebf20.pdf,MISSING,file does not exist
1224,891dae1d-c50d-4c63-9fcb-17257a875e15.pdf,OK,
1225,89345250-5688-4c26-97ca-2a97bc6966c3.pdf,OK,
1226,893f2f68-c186-4b59-af84-7a4253b72243.pdf,OK,
1227,89735968-f6c0-4f29-9643-9be7ebdf7f9b.pdf,OK,
1228,89bc90c0-2a6d-45fc-9137-1b0aabaa8fac.pdf,OK,
1229,89be4848-17e4-411e-ab55-48a3f40c27f0.pdf,OK,
1230,89df79a8-5c5f-406d-b872-3b6c737a30a7.pdf,OK,
1231,8a022195-b6e6-472c-88f2-a673848a5ec6.pdf,MISSING,file does not exist
1232,8a19eb02-83b6-4566-b6b8-4ea4bf4febf3.pdf,OK,
1233,8a202040-00cd-4524-aa80-290873307cf8.pdf,OK,
1234,8a24144a-9e1a-48e9-aef5-93d977282d46.pdf,OK,
1235,8a54a629-9bdf-4c13-bb11-08dd785cda4f.pdf,OK,
1236,8a87e4d8-c19f-445f-b9b2-c159b0faffe9.pdf,OK,
1237,8aaa775f-5d39-4919-8775-86d881fd8f91.pdf,OK,
1238,8abb8f6b-4880-4c2a-92cf-c8aa4998a502.pdf,OK,
1239,8b0529b8-af6a-4e99-9030-4058f2c555c3.pdf,OK,
1240,8b27908a-3bf7-41de-9b83-de90d14b91d0.pdf,OK,
1241,Fixed-Time_Consensus_Tracking_for_Multiagent_Systems_With_High-Order_Integrator_Dynamics.pdf,OK,
1242,8b8821fc-5dd8-420e-82b3-d2d6bf24b699.pdf,OK,
1243,8b9ea1e7-d861-41b0-a26d-4e8a7be5a628.pdf,MISSING,file does not exist
1244,8bae2eed-d349-4dcd-8758-690bd26110d9.pdf,OK,
1245,8bb4694e-dbdf-4f0e-82aa-b8b506e47e8f.pdf,OK,
1246,8bbd32c5-8a2e-43ea-831d-bcd6e6e495bf.pdf,MISSING,file does not exist
1247,8bc6c141-8310-476f-a5e8-2356fe49eb4d.pdf,OK,
1248,8be38b36-343a-435a-8666-5d5089e9f3ca.pdf,OK,
1249,8bf3548b-4fd0-469a-ba0f-3e3cd94a2006.pdf,OK,
1250,8c0bf9cd-37d8-47fb-be86-e5797c15a35c.pdf,OK,
1251,8c3ef26b-9e0b-4389-8cb1-bad56d620d83.pdf,OK,
1252,8c417018-cf1a-42d7-99fe-ee7fd5da5cdb.pdf,OK,
1253,8c69e472-fc09-4e1f-9602-d7b4b3425327.pdf,OK,
1254,8c792a8a-1914-4fec-a093-3d3f9fcf0b37.pdf,OK,
1255,8c7fb1ea-d20f-42f1-a8b3-1904b8930680.pdf,OK,
1256,8c83a999-5be3-4336-a718-f6fd46238016.pdf,OK,
1257,8c877441-4bdf-46d7-833a-820fd6bb8a89.pdf,MISSING,file does not exist
1258,8c8e2886-7937-474b-89cb-c513f7696045.pdf,OK,
1259,8c8eef24-730f-4628-a337-8363415284ed.pdf,OK,
1260,8cac7007-efcb-4c89-b6fb-b1a14b72c58a.pdf,OK,
1261,8cb55c2c-0f37-4599-8b92-f27244136a21.pdf,MISSING,file does not exist
1262,8cbf1d4a-170c-4cb2-b679-cda9b9e2ac90.pdf,OK,
1263,8cc02b93-2357-4ab8-a819-e4db31c68999.pdf,OK,
1264,Ning 等 - 2018 - Collective Behaviors of Mobile Robots Beyond the Nearest Neighbor Rules With Switching Topology.pdf,OK,
1265,8ced7f17-ef94-4f75-84a1-d09f48d5228f.pdf,OK,
1266,8d03e515-60fc-408d-a50e-c9fc90b2e0f8.pdf,OK,
1267,8d20c3f7-c34e-4137-9a7b-e95894329c75.pdf,OK,
1268,8d3ba04e-a9bb-4615-aca7-3130d97dfafe.pdf,OK,
1269,8d4e7915-ef53-421e-a8a8-f4b1c07c5590.pdf,OK,
1270,8d5c7823-9a38-45e4-aabc-cb246f0746cd.pdf,OK,
1271,8d5ceb3e-8f8b-48b3-8a9c-872023578bd6.pdf,OK,
1272,8d61e851-4e03-4a77-9501-a773b2eea4b3.pdf,OK,
1273,8d64d088-6a4d-4117-a791-87c4d8b47efc.pdf,OK,
1274,8dae5518-c2b0-48bd-8807-d512383887a7.pdf,MISSING,file does not exist
1275,8de20091-92f0-4897-8330-946f72564c87.pdf,OK,
1276,8e08d631-b8fd-4a00-9fe2-9b0adc1de1d3.pdf,OK,
1277,8e316151-86a3-4d4f-bfbb-f5a680ff0fa8.pdf,MISSING,file does not exist
1278,8e5b97ba-b052-4464-9234-960f51360804.pdf,OK,
1279,Hu 等 - 2018 - Cooperative Hunting Control for Multi-Underactuated Surface Vehicles.pdf,OK,
1280,8e83ec36-ca0b-43e7-9c2f-b8c7f21f12ad.pdf,OK,
1281,8e9365be-58e6-49ef-8db3-ea0964733123.pdf,OK,
1282,8e996097-1bd0-43f4-b299-2c261940cb87.pdf,OK,
1283,8eb82c6c-fdb8-4d37-b8c0-efd3daf641b7.pdf,OK,
1284,8f04d47a-fca5-407b-9d6b-c16000b53673.pdf,OK,
1285,8f178a2c-a03f-478c-a20a-c2f277b7a015.pdf,OK,
1286,8f1e2ccc-4363-4f17-8952-53edfd6d0238.pdf,OK,
1287,8f4023aa-69a9-427e-8034-67e28c2294b3.pdf,OK,
1288,8f681f67-239f-4179-8848-4a92cc09cef2.pdf,OK,
1289,8f93465e-1807-4ea6-bf49-a7c39c470543.pdf,OK,
1290,8f9e5401-ba72-4aa7-8142-79f452174d2c.pdf,OK,
1291,8fa872b2-1f93-4416-9eae-92592c5c6b64.pdf,OK,
1292,9000599e-ce09-4230-8411-166d9dedc5b2.pdf,OK,
1293,90085aca-9d4a-4e56-abdb-cfdc9a73fd41.pdf,OK,
1294,901a03f9-3d5e-4ba7-b8e5-fe1c5e2c62da.pdf,OK,
1295,902bb795-9871-48d9-85ae-cda29c0c547b.pdf,OK,
1296,906c8171-2559-4a99-9adc-c834cd3bce5b.pdf,OK,
1297,909e0b00-28cf-4908-bf73-497e5c2cab66.pdf,OK,
1298,90c67ff6-0e24-407a-a511-766f758b664c.pdf,OK,
1299,90c839c9-1b8e-4204-b31f-d9b2b4f4352a.pdf,OK,
1300,Zuo 等 - 2018 - Adaptive output containment control of heterogeneo.pdf,OK,
1301,Wang 等 - 2018 - Output formation-containment of interacted heterog.pdf,OK,
1302,90f1f600-0e12-44d7-8afb-b1ef124fe12a.pdf,OK,
1303,9102834d-1bad-43d7-b2ac-e986477f7609.pdf,MISSING,file does not exist
1304,Wang 等 - 2018 - Distance-Driven Consensus Quantification.pdf,OK,
1305,911bdc47-e71f-4591-9083-2cc6fd7e2bcc.pdf,OK,
1306,91539c2d-8078-4dcc-9e29-a9e288f88e3d.pdf,OK,
1307,916d1fd1-87ea-4650-910b-f772ef92c2b4.pdf,OK,
1308,917a7d2f-39ce-4618-bdc9-4f28f5f5669b.pdf,MISSING,file does not exist
1309,91941ff2-3310-4f0d-b76d-df8efd0f3964.pdf,MISSING,file does not exist
1310,91c34f17-943b-47ee-8d43-97c5f182fe42.pdf,OK,
1311,91cc2223-9e1e-4c53-86c9-d143bd711a21.pdf,OK,
1312,91e5aa38-8c72-4e3b-93ed-9a59efbfd38b.pdf,OK,
1313,920730ce-f3fc-44bc-b1a9-ed4b4e57dfca.pdf,OK,
1314,Liang和Wei - 2018 - Research on self-organizing target hunting for mobile robot group.pdf,OK,
1315,9211cbd5-a3a3-4d3c-84cf-93ae1cb30d0a.pdf,OK,
1316,92328731-ee92-43f4-92ce-e628f3085df2.pdf,OK,
1317,92341472-5c20-412f-8da8-12ed64558881.pdf,MISSING,file does not exist
1318,92356a30-075a-4025-b944-c7b4c97f2c11.pdf,OK,
1319,92493a72-eaef-447d-a22f-fee4b36e91b4.pdf,OK,
1320,9261be3e-db5d-413a-afa0-b0c1bf0bcac3.pdf,OK,
1321,926bd18d-9cb8-4bd4-9bae-1892a7b92e65.pdf,OK,
1322,92b5c06c-8855-459d-a5b4-f2d2f5933b5e.pdf,OK,
1323,92e78f03-09f4-4c1c-bccf-9c035ff3857c.pdf,OK,
1324,92f1e074-2f31-4210-9ba8-97c4e1d71178.pdf,OK,
1325,9332429a-1904-4a56-aa94-ba557d3cd3e4.pdf,MISSING,file does not exist
1326,935c878d-5d87-462c-8558-155853f3d9ec.pdf,OK,
1327,93a04eaf-e07a-4a67-a400-ca2e460144c7.pdf,OK,
1328,93a1bf34-60eb-49e9-ad1d-cd17fe8fde7e.pdf,OK,
1329,93bf05b8-92fa-4863-b59e-524fc989af17.pdf,OK,
1330,93cd2608-32e1-49d0-9c51-d7c91a25913d.pdf,OK,
1331,93ee96f1-14c0-4b0b-b6d1-ac864df8a997.pdf,OK,
1332,9405a3f2-b1df-43bb-bad3-fa3240017289.pdf,OK,
1333,940837b8-09ea-4b91-bc7f-761329ffd499.pdf,OK,
1334,94097675-d805-4b3a-adf7-8f05306e0c64.pdf,OK,
1335,94124d76-2d9b-427d-b36c-e646a38ec172.pdf,OK,
1336,944b414d-ee27-4f85-834d-12d3da0f7677.pdf,OK,
1337,944d585e-3eec-4fba-8337-2303c0a13d33.pdf,OK,
1338,949fbfb8-be71-4999-9c93-f3c20d8c8614.pdf,OK,
1339,94a30567-b7ed-4649-840a-6cdf0a041be9.pdf,OK,
1340,94aaf799-7d46-474d-abe2-dc76ce81c9dc.pdf,MISSING,file does not exist
1341,94e38798-83d1-491a-897f-0d421e5ed45a.pdf,OK,
1342,94f52414-7be7-45fa-a574-83c121e0dfeb.pdf,OK,
1343,951d3709-7d69-4fd6-9e1f-9a6302a887e7.pdf,OK,
1344,9543ee6b-b5d6-48d0-927c-16b4c300f648.pdf,OK,
1345,954e5e6c-046f-4388-98bd-70da4bb77431.pdf,OK,
1346,95588358-5982-4e82-b655-c729ed4ab76b.pdf,OK,
1347,9576602c-6504-4cea-8bad-5b5ebc1f9372.pdf,OK,
1348,Yu 等 - 2018 - Distributed Circular Formation Control of Nonholon.pdf,OK,
1349,Lu 等 - 2018 - Robust adaptive formation control of underactuated autonomous surface vessels based on MLP and DOB.pdf,OK,
1350,9604fe25-2d41-4cce-9e42-1fb237be6bde.pdf,OK,
1351,96720a03-0e14-4f39-bdb7-3bc36ba5fab3.pdf,OK,
1352,969d4acb-3778-4595-8b0d-53bdb4846e4b.pdf,OK,
1353,969e0a5a-8317-494a-8b23-0f3204d06760.pdf,OK,
1354,96a14b9b-a1d5-40f3-893e-3053f8616b8d.pdf,OK,
1355,96b40a24-6136-4665-834a-487bdd0b78a5.pdf,OK,
1356,96b45ebe-0901-4df7-b02c-f70467dfa06e.pdf,MISSING,file does not exist
1357,96bd3a28-8853-4810-a752-593051d042bf.pdf,OK,
1358,971a3173-b828-4a45-b408-e9fdebb12f1a.pdf,OK,
1359,97284e99-34f3-4357-96da-cbadd8cd793f.pdf,OK,
1360,9728b5af-157c-4337-9773-ef6817f192c6.pdf,MISSING,file does not exist
1361,97348ef5-2d97-4bc3-ac54-5ba2f0490be4.pdf,OK,
1362,Yang 等 - 2018 - Distributed Event-Triggered Adaptive Control for C.pdf,OK,
1363,979a8ad9-86d2-44ad-ab96-081bf91e1780.pdf,OK,
1364,97a00756-71fa-4973-a9b0-8fe739d905dc.pdf,OK,
1365,97d2fdea-86b4-479f-987b-c7a4aa99b4c9.pdf,OK,
1366,97d35349-00eb-4e6e-abac-3f0530eb6e00.pdf,OK,
1367,97e638e9-ff56-4a28-a051-bc473c761d61.pdf,OK,
1368,9803a5ba-41d1-4019-8938-356a44904a1e.pdf,OK,
1369,98201377-ba49-4a6c-a5be-a2fe74bc7a6a.pdf,OK,
1370,98404d84-7f57-412f-abb0-c4dfa609c5dd.pdf,OK,
1371,984c00ef-fca8-4504-a166-692d22f2f4dc.pdf,OK,
1372,98538f6f-0034-4938-8b76-196221c26b2c.pdf,OK,
1373,985d794e-f5c4-4cf2-b8ff-f6283ff47f94.pdf,MISSING,file does not exist
1374,987cd953-9c1b-4736-83de-fc0d6bbe2b7e.pdf,OK,
1375,987e3279-aab2-44a7-81f2-1b8d46b82d2f.pdf,OK,
1376,98811658-5c31-44e0-a0ea-36b25949f7ae.pdf,OK,
1377,98a41d2f-e761-4d19-af23-7658f782d9c7.pdf,MISSING,file does not exist
1378,98a4e506-bcc7-4df4-8d59-48f0569b0818.pdf,OK,
1379,9949625a-f207-4d30-83eb-6afc7bc71906.pdf,OK,
1380,994e19a1-5b08-4ac8-97a3-c6a9d16ba097.pdf,OK,
1381,9956a095-a58e-4aaa-8dff-5d87cb97adfc.pdf,OK,
1382,998e2dab-0599-4cc0-affe-41a1e1018a1b.pdf,OK,
1383,Obeid 等 - 2018 - Adaptation of levant's differentiator based on barrier function.pdf,OK,
1384,99d88f66-312a-4d8a-81c5-5cb643785d2b.pdf,MISSING,file does not exist
1385,99e16bde-d078-43a9-9d4f-c89a79914345.pdf,OK,
1386,99efa7cb-46d4-41d0-9e8e-f92239cd8722.pdf,MISSING,file does not exist
1387,9a0a0486-3ebd-48ca-b1f0-bc6fd4035958.pdf,OK,
1388,9a184b29-d1cd-4fdc-8843-3069697546a3.pdf,OK,
1389,Li 等 - 2018 - Robust consensus of uncertain linear multi-agent systems via dynamic output feedback.pdf,OK,
1390,9a706b63-8af8-4fbd-a159-2b6a9e274250.pdf,OK,
1391,9a960a9f-9219-4f86-98cc-4ed3935f99a6.pdf,OK,
1392,9ac754f6-c31f-4db0-9eae-77e0a3d5c363.pdf,OK,
1393,9ad42baf-b8de-4f5d-83b5-15d7213a7001.pdf,OK,
1394,9adbc104-48b1-4b94-98bb-505515c18d9c.pdf,OK,
1395,9b08893f-ed3c-4496-aa65-934745e59e34.pdf,OK,
1396,9b16dcda-edd7-4361-8bd7-11c72fa2d957.pdf,OK,
1397,9b33f093-9232-4314-80ab-08785f199d44.pdf,OK,
1398,9b48098b-9254-4381-a825-9960ca06d430.pdf,OK,
1399,TASE.2018.2810253.pdf.pdf,OK,
1400,9b9d97aa-c7a4-4a0d-81e7-4c9c8fcdae3e.pdf,OK,
1401,9bd5ecfc-93a7-4978-82e0-ff4b5dca6846.pdf,OK,
1402,9bf2855f-1f96-427e-bc31-2764248427eb.pdf,OK,
1403,9c4c5f9f-4a94-4775-9bdc-8ba1bb481af8.pdf,OK,
1404,9c67e72a-df56-49d4-b3fc-61157a55159b.pdf,OK,
1405,9c89fa71-3c27-475e-9243-b44d14bcbaa3.pdf,OK,
1406,9c8c3ac0-9be1-42f3-8b0e-3746cac4a0bf.pdf,OK,
1407,9ca8f0db-8e8c-46ed-b6b6-c230d7145bb8.pdf,OK,
1408,9d1fe286-9d00-417e-8e39-ec01a97feda4.pdf,OK,
1409,9d95bdc7-4bd7-4f64-9c4c-d6d62fc99b04.pdf,OK,
1410,9dd55ad5-6665-440a-9b31-d0840d3c8612.pdf,OK,
1411,9df43f15-5636-45df-afe2-e297cf8c25f6.pdf,OK,
1412,9e01622b-d5c3-4918-95d0-cea63e8a20d4.pdf,OK,
1413,9e0a081a-76a9-4c16-ac65-1bc21805eb87.pdf,OK,
1414,9e22698c-237c-4091-a8b7-096364c53fa7.pdf,OK,
1415,9e2b3ca1-dce1-438f-8bc6-c8a47de551aa.pdf,OK,
1416,9e327a44-cb8d-4720-ab5a-6c575ff0d305.pdf,OK,
1417,9e549b39-a9dc-4d15-b1c4-2fc98ca8a2e5.pdf,OK,
1418,9e61ff5f-74e4-493c-818d-bc9895666adf.pdf,OK,
1419,9ea7b1e1-76d4-49ea-9ea5-ad7ed6ce2c2f.pdf,OK,
1420,9ed4d0bb-a076-44e5-b888-a303c8c89e57.pdf,OK,
1421,2019phd_Research on t...ive Formation_蒋婉玥.pdf,OK,
1422,9ef8223f-c293-492e-8046-5bbe962afbda.pdf,OK,
1423,9f1a1b60-2a21-426d-9b19-2d7935c679f5.pdf,OK,
1424,9f61d802-fdf1-453e-8eaf-29a7236748ad.pdf,OK,
1425,9f903d81-6ea1-4104-81a7-b4a1f1b46cda.pdf,OK,
1426,9fb3930b-dd81-4249-a436-d279de9777e2.pdf,OK,
1427,9fbfaf57-f9b0-43f6-a65e-a8aa60d273b9.pdf,OK,
1428,9fdde7f0-ceea-4fba-8312-548e4ff31c9d.pdf,MISSING,file does not exist
1429,a00b1c31-2b4a-4777-a6f9-9646b6f3bd54.pdf,OK,
1430,a01f0f45-7f91-4316-a59f-b101c2dee2c5.pdf,OK,
1431,a0dbd1d3-4a26-4dc2-9c14-8cfd22c6ccf4.pdf,MISSING,file does not exist
1432,a0e2bdc4-fe0b-4651-b174-710a9a841fd4.pdf,OK,
1433,a0e85152-8d7f-4618-857b-3e816caaf545.pdf,OK,
1434,a0f1bac0-daec-41b1-8548-94c25c7a347e.pdf,OK,
1435,a107d144-4c58-42b6-afc1-58a5628cf9b1.pdf,MISSING,file does not exist
1436,a107fb22-9ac9-4e02-88fd-00845db12a2f.pdf,OK,
1437,a13a9bd7-6507-44ff-8e68-076d279c658c.pdf,OK,
1438,a13d0b38-961b-47b4-9a22-6d9ad2222681.pdf,OK,
1439,a14a790d-d8fc-4f53-9d45-4d17ec892bac.pdf,OK,
1440,a1594fe1-05e0-4352-8233-7c6e0de37f67.pdf,OK,
1441,刘彬_2019_多无人艇协同编队控制理论及实验研究.pdf,OK,
1442,a1920854-9f1c-4dd8-8bc7-2142c695768a.pdf,MISSING,file does not exist
1443,a1a8dbf1-fe6b-4546-9e1f-07eb1ba2b026.pdf,OK,
1444,a1ad4b23-c0bc-4853-a1df-b058a0853074.pdf,OK,
1445,a1d166a4-ff5f-4465-9a85-f0c39b6ea939.pdf,OK,
1446,a1fb3450-8bc4-4a4b-876a-37fb1ade6e64.pdf,OK,
1447,a1fb6116-2b78-4177-8525-f8d951b91ad5.pdf,OK,
1448,a221d281-aaaa-4405-a155-e882d42a0ede.pdf,OK,
1449,a230617a-e6e0-46b2-a40c-2b5acec81704.pdf,OK,
1450,a234abfb-4a95-4b06-9430-b7085f8b3565.pdf,OK,
1451,a249bebb-083c-4a06-bbd6-fa0076d58636.pdf,MISSING,file does not exist
1452,a28517f7-9048-4d6b-97ab-58b0373dc5ce.pdf,OK,
1453,a287f3f8-cb8f-4ee0-824a-7e407407bafb.pdf,OK,
1454,马羊琴_2019_多智能体系统拓扑切换下的有限时间输出调节研究.pdf,OK,
1455,a2e04e98-47e0-4af1-a0c6-25639e872639.pdf,OK,
1456,a318a03f-f448-4d43-be7f-b6f356074862.pdf,OK,
1457,a3196aff-4ce6-47cf-b447-1b052d315e00.pdf,OK,
1458,a32b4d1a-f54f-46d5-b3f3-d347743caf50.pdf,MISSING,file does not exist
1459,a33b0a33-5b7e-499b-8b40-dec6414191d7.pdf,OK,
1460,a33fadd0-2918-4a47-84e1-a444419b8d7b.pdf,OK,
1461,a37cdd45-d467-4ea8-ac12-ac34ce66e5b6.pdf,OK,
1462,a384529c-daf8-4cee-a7ce-5078d9d4c417.pdf,OK,
1463,a3b7967d-03fc-4695-bbab-6e3fa7bde218.pdf,OK,
1464,a3c3e17e-1c7c-4630-803a-0aad23878da3.pdf,OK,
1465,a42ff78a-ab89-45e9-88cd-1f5faf55bf34.pdf,OK,
1466,a4547eb1-b4b7-4c6e-8566-28c98c71019a.pdf,OK,
1467,a45d924d-cf97-4329-800b-9b4723f57c32.pdf,OK,
1468,a492196c-72ec-4a2b-8aae-5f25e3e6088b.pdf,OK,
1469,a4d68714-06c4-4cdb-9698-ff18693d4ef6.pdf,OK,
1470,a4fc6e5c-b9f7-4abf-a31a-ca0887d91f20.pdf,OK,
1471,a5154419-a0e6-4290-8459-dc2a1d921084.pdf,OK,
1472,a53adead-d2c4-4cf8-b4bb-f022f6bcbcd2.pdf,OK,
1473,a546d78f-11dd-4c6b-91b5-54c2402c2cc1.pdf,OK,
1474,周思全 - 2019 - 面向空地协同作战的无人机-无人车异构时变编队跟踪控制.pdf,OK,
1475,a58a984a-ef0f-4530-b9f6-e3010a6adc18.pdf,OK,
1476,a58c9cf3-b452-4ceb-b0ec-6b3135419736.pdf,OK,
1477,a5d52a9c-c64d-4e49-b02b-60674c43c82b.pdf,MISSING,file does not exist
1478,a5daa233-ce0d-4c4c-b96e-87275eb300d4.pdf,OK,
1479,a62bf01b-6822-4715-bb4c-5c3f98908ea4.pdf,OK,
1480,a657e189-fee0-4739-91e8-2b1f7565dc70.pdf,MISSING,file does not exist
1481,a66143ce-8c64-4ab6-b2b7-3f4b158e9c9b.pdf,OK,
1482,a6637655-d272-4c0a-a17c-5ffc5709f663.pdf,OK,
1483,a679b9e9-d7be-495b-bc82-9564060dda96.pdf,OK,
1484,a681454b-dbcf-47ef-92b4-c84e5791fdf3.pdf,OK,
1485,a6972731-a13e-4edf-a781-3b879b0ea618.pdf,OK,
1486,a6a10fbd-8282-4535-a0b1-f0a6d9e9d93e.pdf,OK,
1487,a6a21e83-bae1-45e6-b234-067ba878cdce.pdf,OK,
1488,Chen和Ren - 2019 - On the Control of Multi-Agent Systems A Survey.pdf,OK,
1489,a7380569-628d-4f94-badd-839f4f06bc20.pdf,OK,
1490,a752eebd-a661-4e30-b871-dbfffe141bcd.pdf,OK,
1491,a7543e4b-30db-472e-939f-6de21e7e8368.pdf,OK,
1492,a757d770-31cf-465e-92c9-7da5093388d0.pdf,OK,
1493,a75946bb-dde9-461c-9f58-ef6b481430a7.pdf,OK,
1494,Aldana-López 等 - 2019 - A class of robust consensus algorithms with predefined-time convergence under switching topologies.pdf,OK,
1495,a7870340-78a3-4396-bd9f-78941ec009e8.pdf,MISSING,file does not exist
1496,Hou 等 - 2019 - Time-Coordinated Control for Unmanned Aerial Vehic.pdf,OK,
1497,a7d7bb1d-71fb-4300-8522-85c10b3aa70e.pdf,OK,
1498,a7efc746-cfec-4faa-80e1-ec769b3d1ff7.pdf,MISSING,file does not exist
1499,a7f4fc2b-b199-45e4-b090-2e7912efd75a.pdf,OK,
1500,a7faf4a9-cc02-4203-9105-0dff43a42cda.pdf,OK,
1501,a835fe35-2fa1-4aa6-88db-447358d61ccd.pdf,OK,
1502,a83d3905-d19e-40b9-97e7-609cc15806d1.pdf,OK,
1503,a854f6c7-1846-4d08-bd5c-84f7f39a6f2b.pdf,OK,
1504,a857b852-4234-426e-ab33-0aa76f4d7e26.pdf,OK,
1505,a86dee80-9f68-4518-9ea5-bd952564db22.pdf,MISSING,file does not exist
1506,a887a302-8374-4a63-aeee-4910941ab51c.pdf,OK,
1507,a89f465e-69ff-4436-be02-c7d4593dad55.pdf,OK,
1508,a8aab474-ee92-43d3-9000-8b0ef9210b3c.pdf,OK,
1509,a8b70db7-f8d6-4f87-8b7b-4bf8b119d5b1.pdf,OK,
1510,a8ba7afb-28eb-4a6b-8f1b-f7f0e379958f.pdf,OK,
1511,a8ca01e2-efa5-408d-8744-5ed5d314d8cf.pdf,OK,
1512,a91d3663-f0cb-4c46-9325-3393e9a0106e.pdf,OK,
1513,a928ea23-4448-4914-8468-acfb1329aaa2.pdf,OK,
1514,a9465dea-e313-4b43-a375-9f9403afe2c6.pdf,OK,
1515,a96a92ba-f15a-403e-aadd-c22e86677a93.pdf,OK,
1516,a96aa4eb-6029-47e9-b14a-6522ee5ee360.pdf,OK,
1517,a9790c51-c5d4-404e-b44c-0b8bde35c0ef.pdf,OK,
1518,a9ad1b79-075b-472e-8025-d197b71b2535.pdf,OK,
1519,a9d1a8f2-9326-4d6c-bb7b-ee9aedf688cf.pdf,OK,
1520,aa27a879-4c10-416f-bf3e-8dbd31046de9.pdf,OK,
1521,aa753253-7646-4dfe-a93b-e2a127e7762d.pdf,OK,
1522,aa8b6074-8aa7-41ba-a42c-d4e60716af3e.pdf,OK,
1523,aaaaae71-c4c6-4043-8b95-f75eae4957dc.pdf,OK,
1524,aaaf32a4-d95b-4771-a756-f92a58b6c123.pdf,OK,
1525,aaee356d-6047-4421-8c26-35b876aea7a2.pdf,OK,
1526,Wang - 2019 - Distributed control of higher-order nonlinear multi-agent systems with unknown non-identical control.pdf,OK,
1527,ab7ab19a-04fb-4e0d-bbc5-16baae10b53b.pdf,OK,
1528,ab7e0efc-9c1e-4ff9-b9f4-fee05888479d.pdf,OK,
1529,ab89207b-0124-485d-8445-22f81f5b4836.pdf,OK,
1530,ab8bd25d-039e-4e2f-b1ba-25682af69d5c.pdf,OK,
1531,ab954c62-30c4-42d1-9d73-edf410151e37.pdf,OK,
1532,abadf759-1a9c-495d-a60d-88668581d96e.pdf,OK,
1533,abbf5e3a-59aa-483f-a13a-3542ce08f3cb.pdf,OK,
1534,abc5709c-fe05-40e7-af70-adc8ac849630.pdf,OK,
1535,abe17797-8b69-46d7-9588-1fd99caafbec.pdf,OK,
1536,ac3d039b-e7cc-4c58-bba5-81ca4ffbae44.pdf,OK,
1537,ac6a3cda-6fee-4734-a5f7-a76824a895ca.pdf,OK,
1538,ac6d0f4a-4ce6-44cb-9579-685f11671fec.pdf,OK,
1539,Zhang和Duan - 2019 - Distributed fixed-time consensus tracking for high-order uncertain non-linear multi-agent systems wi.pdf,OK,
1540,acb3ebdc-09d3-4781-bd56-ae9b31ec65a7.pdf,OK,
1541,acb58c84-bcec-4a18-99f7-212334b9517d.pdf,OK,
1542,acd432ea-a368-415b-800b-abb3c6b0e243.pdf,OK,
1543,ace2e49e-38e4-4883-81b5-11720381fc36.pdf,OK,
1544,ace3babc-cf8a-44c0-adfa-d066a238246c.pdf,OK,
1545,ad342e1a-adb7-4d1a-89a9-14a695dd5320.pdf,OK,
1546,ad734f95-47d9-4c18-9f8a-8ae7a5271081.pdf,OK,
1547,ad7eefda-ce88-4960-b033-26ca0a960771.pdf,OK,
1548,adeed315-e28e-415c-aa3a-dff2a1d33c5a.pdf,OK,
1549,adf3cae1-acbe-4797-9b75-77e8602d557d.pdf,OK,
1550,ae032147-13f6-4a6b-a9b0-b57b4b008f4a.pdf,OK,
1551,ae16ed90-bdae-4df7-9c2c-5d5ec0372333.pdf,OK,
1552,ae332989-9ce9-4304-bdfd-91fdc2264a6e.pdf,OK,
1553,ae4be243-677a-46d3-91b6-4c330b77f4fa.pdf,OK,
1554,ae67eaab-2458-47da-9a43-a8a5c7f29ac9.pdf,OK,
1555,ae97d13b-2cef-4777-8a0c-d2c254fb8649.pdf,MISSING,file does not exist
1556,aeb1a13c-3b32-44d7-b9a9-8bb565ee6c25.pdf,MISSING,file does not exist
1557,aebf3dd0-257b-4913-84af-425edba30901.pdf,OK,
1558,aed68cb8-a39a-4dc0-8238-f484adb651e1.pdf,OK,
1559,aee19037-da70-4378-891d-33e8d0cceb9a.pdf,OK,
1560,aef942f5-2e4e-4ca5-a707-ce8eb863fcb8.pdf,OK,
1561,af11dd53-f217-4188-a668-41dff1956598.pdf,MISSING,file does not exist
1562,af1ecf6f-dfab-4590-8e99-eac87bfc3666.pdf,MISSING,file does not exist
1563,af2f6083-f06e-4f76-8098-760896b18dd6.pdf,OK,
1564,Khaledyan_Queiroz_2019_A formation maneuvering controller for multiple non-holonomic robotic vehicles.pdf,OK,
1565,Wang et al_2019_Adaptive time-varying formation tracking control of unmanned aerial vehicles.pdf,OK,
1566,Mi 等 - 2023 - Fixed-Time Consensus Tracking for Multi-Agent Systems With a Nonholomonic Dynamics.pdf,OK,
1567,af87dbf1-0a88-4338-b323-ae4c517ef200.pdf,OK,
1568,af89faec-4e0b-4c97-be3a-f669dd18808a.pdf,OK,
1569,af933fb0-f567-4f4b-9695-fbbace3b2ad6.pdf,OK,
1570,Ning 等 - 2023 - Fixed-Time and Prescribed-Time Consensus Control o.pdf,OK,
1571,afb6933b-92fb-48bd-9a63-ef5319fb8282.pdf,OK,
1572,afc459a9-fbc0-446e-baf0-2c665d330b44.pdf,OK,
1573,afd6d9f4-ff9b-441e-a9ef-7d585615ec52.pdf,OK,
1574,aff9848b-4423-41f9-9163-1262dcabebe9.pdf,OK,
1575,b0076eed-589b-4b44-8059-43c5d7a440e4.pdf,OK,
1576,Fan和Liu - 2023 - Multi-UAV Cooperative Hunting in Cluttered Environments Considering Downwash Effects.pdf,OK,
1577,b031aaa6-cfa4-4ff1-9595-52f9ad44ec8a.pdf,OK,
1578,b03cd0b4-cb02-4074-8b05-c0cf31a9ca06.pdf,OK,
1579,Hu 等 - 2023 - Leader-following consensus of linear multi-agent s.pdf,OK,
1580,b05065d6-ece9-4046-a985-9eddb1129366.pdf,OK,
1581,b0554870-7cef-4a8d-b88f-bdcab448950f.pdf,OK,
1582,b0773ede-9cdd-4b91-bbfb-e95f52f21e64.pdf,MISSING,file does not exist
1583,b07b8e4d-f4ec-4d8b-9e4b-59005d7b1aa7.pdf,OK,
1584,b0999495-b1d8-4083-a5f5-4a6ca67dba30.pdf,OK,
1585,b09e9b46-316e-4c6a-8fa6-d29c7dc41052.pdf,OK,
1586,b0a05c56-439f-4fa1-8ccc-2758246911e0.pdf,OK,
1587,b0d760b5-fb4f-4f10-b41b-18b8fefd111a.pdf,OK,
1588,b0f33e7c-2280-4739-9f16-fc4da9f5483d.pdf,OK,
1589,b10e5344-4afd-48f6-9b5d-99ba9ff94624.pdf,OK,
1590,b16710e6-128f-4106-8a74-af7ac44955ef.pdf,OK,
1591,b189f3e9-e2bd-4ae5-9573-9df4534943ec.pdf,OK,
1592,Juarez-Lora_Rodriguez-Angeles_2023_Bio-Inspired Autonomous Navigation and Formation Controller for Differential.pdf,OK,
1593,2023异质多智能体系统的合围控制_贾亚鹏.pdf,OK,
1594,b1cd2722-a3fd-4c70-9502-6c68d79e44a4.pdf,OK,
1595,b1e5167c-7fdd-4a09-8836-e67e4f4a1110.pdf,OK,
1596,b209b519-bc5a-4a15-b7a9-99ac543bde3a.pdf,OK,
1597,b2145193-69b8-4d4d-bc17-87f90408cef2.pdf,OK,
1598,b21f36e8-4557-4cd5-bc66-f7d15ac1505b.pdf,OK,
1599,b2341bb8-e5c3-4b35-aca0-de4a466f7ded.pdf,OK,
1600,b259dd60-ef9f-4da6-b84f-ccfa35e3bff2.pdf,OK,
1601,b265521a-aa6f-4e95-8fd4-df174cf3c6ca.pdf,OK,
1602,b2694fd8-f679-424c-b828-f6c4eb13b5a9.pdf,OK,
1603,b27c7994-30af-49d0-8eea-3b20cec78fd1.pdf,MISSING,file does not exist
1604,b2a68939-bc16-4b7e-80c0-ad117ce58bef.pdf,OK,
1605,b2eacb08-8dad-4ee6-ab86-e7e5dac570bc.pdf,MISSING,file does not exist
1606,b321ba88-01b4-4313-9361-f8114ed3de7c.pdf,OK,
1607,b340186c-d762-42d5-85a4-c3e9bf580ddd.pdf,OK,
1608,b363e087-4ec5-418f-ab9e-8905d8c6abd5.pdf,OK,
1609,b369fd1c-8070-4a95-ad1b-428cd0a7f654.pdf,OK,
1610,b374c4a9-f560-43dc-8bf9-da319866b8fa.pdf,OK,
1611,Cheng 等 - 2023 - Data-driven time-varying formation-containment con.pdf,OK,
1612,b3aca923-dbcc-43b7-a3c0-9c8c6b121adc.pdf,OK,
1613,Zhou 等 - 2023 - Appointed-Time Dynamic Average Consensus A Holistic Planning and Multi-Step Control Framework.pdf,OK,
1614,b3c73fae-df46-42c7-b5d3-0cfae39e4fc4.pdf,OK,
1615,b3d7993e-107e-4cd8-8b91-9266e927857a.pdf,OK,
1616,b3e749e1-d10c-42e0-8408-25df6cde7d49.pdf,OK,
1617,b3e7b8f1-6ab1-4d6b-8388-c326c38b7c1e.pdf,MISSING,file does not exist
1618,b407895b-950c-45bd-a835-611a1c880a9e.pdf,OK,
1619,b42286c9-51c7-418b-86d4-fc34d0aa2c8c.pdf,OK,
1620,b4688af1-f87d-4069-9794-937930d2bffb.pdf,OK,
1621,b4cc0672-8b0b-4beb-90e5-7a8febac654c.pdf,OK,
1622,b4fbcdc6-735a-4f7a-a40c-f4b433faea09.pdf,OK,
1623,b55323a3-4e9d-49df-b620-83b16fb298e5.pdf,OK,
1624,b5bbccb4-9d25-4dd8-b830-3402ab20e103.pdf,OK,
1625,b5c0fb90-b72a-4d83-a78e-84f22d32741c.pdf,OK,
1626,b5c23952-5233-49d4-a4a8-225db599e0d5.pdf,OK,
1627,b603083b-9042-4764-b11a-9570b9970c90.pdf,OK,
1628,b6172d8c-6411-466f-9015-6b845260f44a.pdf,OK,
1629,b61b18b1-2b79-43f2-a5dc-036d2d25a508.pdf,OK,
1630,b640ff26-f720-4384-807e-1fa8ca505ea6.pdf,OK,
1631,Cao 和 Wang - 2023 - Distributed observer for linear systems with bound.pdf,OK,
1632,b65f08b5-70e8-4a66-b54b-f56ccdeb1231.pdf,OK,
1633,b6a49a9a-c488-437b-aa11-d015d179abc6.pdf,OK,
1634,b6c6a40c-ba1d-4819-b32f-812f6b51a960.pdf,OK,
1635,b6e00bbb-9d8a-49e9-ac03-588338961584.pdf,OK,
1636,b7066b08-42e8-437c-91be-b34b96e9d6a7.pdf,OK,
1637,b70cf974-9a9c-47ac-b866-12eea6dbf3e8.pdf,OK,
1638,b711950b-a4c2-49d7-a9c3-34292add4e9a.pdf,OK,
1639,b717781e-a4b3-4e8b-a62e-a13a61198b48.pdf,OK,
1640,Shi 等 - 2023 - Finite-Time Distributed Average Tracking for Multiagent Optimization With Bounded Inputs.pdf,OK,
1641,b79d27d7-0c3e-4ef6-98b0-946497320f8e.pdf,MISSING,file does not exist
1642,b7adb18e-872d-43c8-9aff-0bb4a53c90d7.pdf,OK,
1643,b7bb9f08-ae63-4b42-945c-49b0554f12e6.pdf,OK,
1644,b819fc9f-324a-4a72-8a17-4c2853e29a6c.pdf,MISSING,file does not exist
1645,b848b7fa-36c0-4b32-9da0-69b4c2fd4201.pdf,OK,
1646,b8688e70-bf11-422b-843e-4b24a48779f7.pdf,OK,
1647,b87aca8d-51ad-440f-bd01-3d96481b5698.pdf,OK,
1648,b8bc08c2-4f68-4427-afa8-7f5b892b608a.pdf,OK,
1649,b8d34efc-5895-460d-84ed-8131817ba02c.pdf,OK,
1650,b8e24af9-cb76-4f76-80e9-2aa0d2c8ba6e.pdf,OK,
1651,b8ead7c6-eb1a-4000-9c96-b84384ef2b1e.pdf,OK,
1652,b8edb1e3-a6b2-425a-9ab6-0f3c6f690f91.pdf,OK,
1653,b913ab78-6cf4-4c64-9e31-84c65f29ec5c.pdf,OK,
1654,b9174300-968b-4eaf-b791-48d30c100f90.pdf,OK,
1655,b919ffc4-9cca-4d91-aa80-50c474fc7fb2.pdf,MISSING,file does not exist
1656,b92e8231-f4c6-4753-988e-803d73f3dfd6.pdf,OK,
1657,Liu和Huang - 2023 - On the leader-following exponential consensus of discrete-time linear multi-agent systems over joint.pdf,OK,
1658,b9bc7e51-dbff-4bf7-a20f-4b8de3f4b976.pdf,OK,
1659,b9becf83-b2aa-4167-b3b6-dfa15b1f00b5.pdf,OK,
1660,ba467ef7-bbb8-43ab-96c0-1dcd9605f961.pdf,OK,
1661,ba491e1b-56f8-4a2a-bfb9-e50c34b249a7.pdf,OK,
1662,ba8b1a01-533e-4156-9722-b611942b253b.pdf,OK,
1663,baad24ed-4572-4754-87be-26ba21dbac10.pdf,OK,
1664,bb69a8e0-440d-4aa0-b678-6e794bdbc8d5.pdf,OK,
1665,bbd85eed-ae4b-40ca-9a02-089ed1d1a42d.pdf,OK,
1666,bbe67aef-6300-4512-9ce0-0ffbe0c2ac37.pdf,OK,
1667,bc0c3ee6-c8b2-448d-abdd-0d2deb959b6b.pdf,OK,
1668,bc462d4b-7f12-4e3a-941f-72fec0849578.pdf,MISSING,file does not exist
1669,bc496173-6641-46ed-8abb-cf51c9244d66.pdf,MISSING,file does not exist
1670,bc983425-5f16-4ebe-9807-b3277306ae5e.pdf,OK,
1671,bc9cead7-d622-4c40-af9a-b3eccef7cddd.pdf,OK,
1672,bcaff205-e423-4909-97a1-15dd8e7051e1.pdf,OK,
1673,bcc3c0a9-0bf6-4a95-a954-07b6aa585f99.pdf,OK,
1674,bcd91d6e-ae5a-449a-bdd2-d576acc88d68.pdf,OK,
1675,bcea93e2-4e0a-4c79-8d42-00bed61a0f3b.pdf,MISSING,file does not exist
1676,Zhang 等 - 2023 - Adaptive Leader-Following Consensus of Multiagent Systems With Unknown Disturbances and Switching To.pdf,OK,
1677,bd47ccc5-73b5-4496-a6c9-5a25b5941af7.pdf,OK,
1678,bd597f16-8fe8-4653-b9ed-52068b932280.pdf,OK,
1679,bdb85c65-7fbf-44d7-b527-54b974c1d51b.pdf,OK,
1680,Wu和Liu - 2023 - Finite-Time Distributed Average Tracking for a Class of Nonlinear Multi-Agent Systems With External .pdf,OK,
1681,bdcdc432-7952-4dea-a415-9c58b0eb6ef7.pdf,OK,
1682,bdd7f4d3-f1e5-4b8c-9615-382c1a2c0e23.pdf,OK,
1683,be3202b3-46d6-4b2f-94e9-25504874b916.pdf,OK,
1684,be5dddd4-1f94-40ba-a7e5-fd140494ea49.pdf,MISSING,file does not exist
1685,Wang 等 - 2023 - An Adaptive Continuous Approach to Consensus Tracking of Nonlinear Multiagent Systems With a Nonauto.pdf,OK,
1686,be780435-ff1d-4d9d-8460-aa6c369f8097.pdf,OK,
1687,be9330e4-5257-4153-8eb2-31b56d01163d.pdf,OK,
1688,be9dffcc-a3a9-4842-aceb-1137e23b83c0.pdf,OK,
1689,beac4b8a-639b-4061-af2a-fb6d152a32bf.pdf,OK,
1690,bebee85c-d83c-405c-a4cf-13a1c849471e.pdf,OK,
1691,becf17d6-6afe-4c8d-b44a-fe1c61eeaea3.pdf,OK,
1692,bed220e3-fea0-468d-9134-503ab185818e.pdf,OK,
1693,bf1c5bef-5ae4-42a9-841a-92cae94cf69b.pdf,OK,
1694,bf58a9c5-cf4f-4497-8998-da53dbb5f72f.pdf,OK,
1695,Wang et al_2023_A Bioinspired Navigation System for Multirotor UAV by Integrating Polarization.pdf,OK,
1696,bf610d3b-cb84-4886-8031-91da163edcfc.pdf,OK,
1697,bf809dcd-e453-4824-b4ac-d3cec0cdd951.pdf,OK,
1698,bfc117c0-6556-43db-b233-7d2c7f167e6d.pdf,OK,
1699,bfc137e5-c0b2-488f-961d-37ff41e5d11b.pdf,OK,
1700,Zheng 等 - 2023 - Nonzero-sum pursuit-evasion game control for spacecraft systems a Q-learning method.pdf,OK,
1701,bfe911e8-46c1-4972-8be2-fe0f591e8752.pdf,OK,
1702,bfefde6d-5709-4593-9a59-ee415f32337d.pdf,OK,
1703,Chen 等 - 2023 - Fixed-time cooperative tracking control for double-integrator multiagent systems a time-based gener.pdf,OK,
1704,c01f1f38-2bb3-4678-a08e-4569236f3e9a.pdf,OK,
1705,c05e9f56-4772-4463-b4c0-fc9bea7d4e6e.pdf,OK,
1706,c06d194a-6245-4ef2-bd7c-888894c2cdcb.pdf,OK,
1707,c0818ae5-020c-4fc9-8216-90e9413b7470.pdf,OK,
1708,c09de56c-0066-4cda-b2bd-dbe066c19866.pdf,OK,
1709,c0b508ca-2c8a-48f1-86e9-6cab322c3891.pdf,OK,
1710,c0d773ff-d01d-42db-93e8-fec956e6dffb.pdf,OK,
1711,c0f07e01-62c7-4f60-a11f-d81025fb6098.pdf,OK,
1712,c1063c21-2a1b-41e9-b2bd-2c1b4313e434.pdf,OK,
1713,c118009b-c2b2-4142-b090-5afecacefb26.pdf,OK,
1714,c13d82e2-fa45-4ebc-9e46-b596d241f3c4.pdf,OK,
1715,c15f1474-9220-4370-8e37-1e2975dacc18.pdf,OK,
1716,c178d190-a522-4989-b830-68dba61af576.pdf,OK,
1717,c180979d-492c-435b-86ed-81169cbeb5a3.pdf,OK,
1718,c1a639c3-e3de-47b2-bbe1-e625f7f640fb.pdf,OK,
1719,c1b0f04f-96b5-4373-8e70-85d9fd2adce2.pdf,OK,
1720,c1cf4d0b-e350-4acd-8e4c-5ec99c0de8e6.pdf,OK,
1721,c1e03baa-7d42-4472-9031-dd23a2ec299c.pdf,OK,
1722,c21be782-9ff5-4d9a-9209-768211f02b72.pdf,OK,
1723,c237b46d-2c6c-401a-b87d-d4db0955c1ca.pdf,MISSING,file does not exist
1724,c23fcc04-d571-4555-a2a4-4a2e44039a01.pdf,OK,
1725,c2645800-0ca9-425d-b852-24ac7418a43a.pdf,OK,
1726,c276355c-c1e0-484c-847c-5716202ef703.pdf,OK,
1727,Cao和Wang - 2023 - A distributed reduced-order unknown input observer.pdf,OK,
1728,c27c251a-44f4-4ee9-a411-84074d9e9cd3.pdf,OK,
1729,c2971e40-377b-4ec4-b2e9-9a3da2722f14.pdf,OK,
1730,c298a3ba-b333-4618-9d51-111a7a689342.pdf,OK,
1731,c2b222f9-a181-493c-99e0-d1c4ae135058.pdf,OK,
1732,Zheng et al_2023_Cyclic-Pursuit-Based Circular Formation Control of Mobile Agents with Limited.pdf,OK,
1733,c30213ee-fc79-4042-94d3-1f8584e1706e.pdf,OK,
1734,c3149b3d-cc10-4d53-875f-8271676df77f.pdf,OK,
1735,c31a94a9-98d4-4139-947f-44470dc55f81.pdf,OK,
1736,c32e5bd2-dd13-4c76-9a04-0eafc49496a0.pdf,OK,
1737,c34e3d93-fd15-4d33-8cb0-0e328e01c7e7.pdf,OK,
1738,c3a0fb12-ad27-4d86-b0cc-bc2eec9691b9.pdf,OK,
1739,c3ccfade-55b5-4854-933e-3a6b96b137f8.pdf,MISSING,file does not exist
1740,c3d8f3d8-c800-48c4-946b-db81ad2caae0.pdf,OK,
1741,c3dc4e15-9e0d-44b2-800c-d027a36bcb19.pdf,OK,
1742,c410484f-1269-46aa-949d-e81ffabb375d.pdf,OK,
1743,c417aaa4-a144-4b88-88b9-8278512484cc.pdf,OK,
1744,Sarrafan 等 - 2023 - Improved Finite-Time Disturbance Observer-Based Control of Networked Nonholonomic High-Order Chained.pdf,OK,
1745,c43904d9-9b16-439a-a7fa-d84af664a5d0.pdf,OK,
1746,c43dcaa3-0d76-4edd-87d3-3b6f7ea7d6bb.pdf,OK,
1747,c43fee14-e67d-4057-86c9-58aa83ef8831.pdf,OK,
1748,c45efe78-3e68-4284-92ab-d34318793c60.pdf,OK,
1749,c46622b2-fc2d-4a2c-8d3b-359b9cf30ed1.pdf,OK,
1750,c47e02fc-0ed3-4282-bef3-27e0c6c8a47d.pdf,OK,
1751,c4a80fab-1cbf-4c77-b2d8-c14e4f206e43.pdf,OK,
1752,c4ef6af7-9207-485a-bf77-1e62db7568d1.pdf,OK,
1753,c50d7c8f-f5f2-49da-a9f4-1b33bb5ca7cb.pdf,OK,
1754,c513f78e-a262-44a9-b633-047c20e00d40.pdf,OK,
1755,c52e3d9a-da54-4bad-b804-da1c1a9becb9.pdf,OK,
1756,c5555510-c1c3-4fa7-9219-0399bdb3531a.pdf,OK,
1757,c55c926e-d8d7-4295-aae9-f00b246978bd.pdf,OK,
1758,c56d4a63-162b-4bce-a7d4-32e354cdf580.pdf,OK,
1759,c5d67715-cb44-4e34-83fc-b39e3997e87b.pdf,OK,
1760,c5dd1540-74cb-46d8-ae00-286a0570eec3.pdf,OK,
1761,c5e1d570-9bf4-4895-b8d1-1b06f9d60b43.pdf,OK,
1762,c5eb52f4-616d-44cd-9636-124ae653384a.pdf,OK,
1763,c6103d0e-788f-43bd-b7a0-1029b740a56d.pdf,OK,
1764,c6251cc2-728f-4302-b756-9df33253c295.pdf,OK,
1765,c6373f8a-f79a-42b9-9f66-f7ee6512b73f.pdf,OK,
1766,c6ee61a7-0e1b-4969-a6bb-057246aa03be.pdf,OK,
1767,c6f0e49c-c378-4485-a709-a09e3bf876ec.pdf,OK,
1768,c6f63852-e435-46c8-b5c0-d9dd6e9a18dc.pdf,OK,
1769,c6f73535-1d57-40e9-a8aa-864cb079f540.pdf,OK,
1770,c7331fbb-0972-4de9-afa4-a072e866a681.pdf,OK,
1771,Niu 等 - 2023 - Adaptive Predefined-Time Bipartite Consensus Tracking Control of Constrained Nonlinear MASs An Impr.pdf,OK,
1772,c740de07-af4b-4608-8f85-965951313272.pdf,OK,
1773,c77616b3-3acc-4f32-836f-c4748e3c8e16.pdf,OK,
1774,c77a2083-2fa5-4edd-827a-71376ba50f6d.pdf,OK,
1775,c786d444-651d-49c5-b811-db2e614b8a09.pdf,OK,
1776,c79274a9-618d-4598-ae01-931915c2ca5b.pdf,OK,
1777,Zhou 等 - 2023 - Prescribed-time control of perturbed nonholonomic systems by time-varying feedback.pdf,OK,
1778,c81ff03e-1b52-496b-a050-1cc87fd8aa49.pdf,OK,
1779,c8412253-fac1-4f0e-8a72-17cc76b65385.pdf,MISSING,file does not exist
1780,c869a1c2-a31d-4938-a76f-dc6da51c6045.pdf,MISSING,file does not exist
1781,c879c491-1260-4b94-b7c8-e2992f0cc454.pdf,OK,
1782,c8842fc6-b126-4080-9ebb-6de6a9f75573.pdf,OK,
1783,Li 等 - 2023 - Global consensus tracking control for high-order nonlinear multiagent systems with prescribed perfor.pdf,OK,
1784,c8a102ad-70ea-4202-a245-0eee1529c07e.pdf,OK,
1785,c8bc8dd7-1dfa-4eff-82e6-8ba789482494.pdf,OK,
1786,c8c469cd-68cf-483a-9cf7-a8ad24137020.pdf,OK,
1787,c8d9e133-9a0c-42cd-b50a-418922cfe87e.pdf,OK,
1788,c8d9fd1a-9c7c-408d-a341-fe7b6be4b9f4.pdf,MISSING,file does not exist
1789,c90083b4-512f-41ed-862c-bcf0547ebe3f.pdf,OK,
1790,c90bb1ec-00b9-4dae-9445-a6a6f63958be.pdf,OK,
1791,c919165b-5fe5-4b08-b39e-b1be60471cda.pdf,OK,
1792,c9490887-8257-4f6b-9ffc-e6f77a2bb457.pdf,OK,
1793,c950edf8-71ce-4b93-b290-0f10b92244f1.pdf,OK,
1794,c9595e29-0730-44da-9c88-fc934f28f08b.pdf,OK,
1795,c96932b3-2c00-4497-899f-8aad74acf32d.pdf,OK,
1796,c96e0a2a-1484-405a-9de7-09df71361b6a.pdf,OK,
1797,c9722862-3019-43e9-a2fd-5e7a1643cfdf.pdf,OK,
1798,c98bf6ff-0b88-4335-a4f3-667903f9eb93.pdf,OK,
1799,c9a6073a-ab06-4851-85ff-96b6167286de.pdf,OK,
1800,c9aad8f5-495f-458c-9b1e-8fe046efdaf1.pdf,OK,
1801,c9b803e1-92c3-4a8c-99df-b9e514379c08.pdf,OK,
1802,c9c90d45-df14-44ef-a697-95cd5ca7bb62.pdf,OK,
1803,c9d47074-cff4-4a9a-8c37-cdb984bb85de.pdf,OK,
1804,Li 等 - 2023 - Fixed-Time Anti-Disturbance Average-Tracking for Multi-Agent Systems Without Velocity Measurements.pdf,OK,
1805,ca125ce5-b48a-4438-ae8d-04f3f5735c92.pdf,OK,
1806,ca25c0f9-ea97-462a-97c5-be10effaa081.pdf,OK,
1807,ca4a0bdf-3fab-4055-8637-9947ae575f7c.pdf,OK,
1808,ca5d4c0a-1ff1-416a-b069-eb02afaa5761.pdf,OK,
1809,ca7dbc4b-3faf-4649-97f8-311cb989c9c4.pdf,OK,
1810,ca881daa-0d54-4ba2-98a2-19cb7045e81b.pdf,OK,
1811,caa0ec75-88ab-4520-8088-eab7b365eb84.pdf,OK,
1812,caa268f2-821d-41f6-81a9-4de4515c4c04.pdf,OK,
1813,caa33c17-1043-473c-a7bd-22ba31f88d2b.pdf,OK,
1814,caa9017d-4692-4c02-bdf8-7aa34fa7e7dd.pdf,OK,
1815,cac152d6-d0ca-43f5-af8d-ddc6aee2b9b1.pdf,OK,
1816,cac684b2-ffaf-4e5b-89c5-ad4f74260a35.pdf,OK,
1817,cadadd8e-daea-4342-98f3-a3441adc0abc.pdf,OK,
1818,cae0e630-71f5-44b4-9192-4b8ee64c9181.pdf,OK,
1819,cb5187fa-0e7b-4898-8e5c-fc78b4dfee30.pdf,OK,
1820,cb598597-d9de-4f9d-854b-af879fc9f5dc.pdf,OK,
1821,cb7a6076-e1ad-44a4-bd5b-95066960da90.pdf,OK,
1822,Hu 等 - 2023 - Potential field-based formation tracking control f.pdf,OK,
1823,cba553ef-f88d-4e39-8f16-ba668af3f114.pdf,OK,
1824,cbbc9bb3-20cb-466d-9b1d-bd001b021e66.pdf,OK,
1825,cbd5b5a1-11ac-4bd8-85fa-14f8c6469963.pdf,MISSING,file does not exist
1826,cbd6bc10-bb7e-4680-99fa-8cb69c9e75d5.pdf,OK,
1827,cc1af53b-0f32-40eb-b46b-9cd76240b9ec.pdf,OK,
1828,Ricardo和Santos - 2023 - Robust collision-free guidance and control for fully actuated multirotor aerial vehicles.pdf,OK,
1829,cc58dbb1-c292-40ad-b0b8-7697632459a1.pdf,OK,
1830,cc7c9472-d28a-4cdf-b657-89eb5b938949.pdf,OK,
1831,cc855067-0867-4209-bda4-73f1ad7fd586.pdf,OK,
1832,cc85f16f-4df1-42ab-9526-4fea5a3dc7e9.pdf,OK,
1833,cc8bfa84-2f8b-4fbb-accc-fc992993d0c8.pdf,OK,
1834,cc919d93-b030-44e8-9980-3e1c00c626e2.pdf,OK,
1835,cca784ef-b65e-4710-bf74-11623bd439b7.pdf,MISSING,file does not exist
1836,ccc053f4-6d39-464b-91ee-8013cb7c8550.pdf,OK,
1837,ccd9042a-88c0-4ea4-8123-f9e4f0220410.pdf,OK,
1838,cd094a7d-6e9a-4335-92e5-ab65531b2745.pdf,OK,
1839,cd1ef433-645f-4a78-a074-65aa40a0a5ff.pdf,OK,
1840,Lv 等 - 2023 - Fully distributed prescribed-time consensus control of multiagent systems under fixed and switching .pdf,OK,
1841,cd2b205d-4b79-4d20-94d0-eef663787d1d.pdf,OK,
1842,cd4034d7-c6a0-4113-a265-7ed7e35db4da.pdf,OK,
1843,cd4addff-fc24-42d8-9026-28cb949941ed.pdf,OK,
1844,cd599fea-41bd-4ee0-b4aa-7e9613915a63.pdf,OK,
1845,cd63c282-bdd1-4e7f-bfe2-25de912c2ea5.pdf,OK,
1846,Chang 等 - 2023 - Robust prescribed-time containment control for hig.pdf,OK,
1847,cd8f5dff-fba6-41ca-978b-27dc68a67f26.pdf,OK,
1848,cd90c235-7a74-4082-81dc-bb2b000765e4.pdf,OK,
1849,cd9bc0b7-506b-4a6e-9d7f-416ce8a2e709.pdf,OK,
1850,cda4d6ab-448f-4936-b495-0f46dc747fa4.pdf,MISSING,file does not exist
1851,cdd0f252-fe96-41af-92f4-18120116a569.pdf,OK,
1852,Ke 等 - 2023 - Distributed observer-based tracking of multi-agent systems with bounded input amplitudes and rates.pdf,OK,
1853,ce5d1ff1-8f11-4eb8-a6af-5a92ee3879fd.pdf,OK,
1854,ce6e5ede-9fb5-4796-9d26-7bf511e949d6.pdf,OK,
1855,ceac0547-6e3a-4b4a-918a-e09f4fc96207.pdf,OK,
1856,cec66cac-39eb-4382-96c7-3e4090391113.pdf,OK,
1857,cecd0c44-81bb-4c30-a3f0-cf2724b9579c.pdf,OK,
1858,ced9bdfe-ffea-4974-9aef-5fb90089d426.pdf,OK,
1859,ceeaa3d0-5c5d-4568-8379-5a739d90ba1c.pdf,OK,
1860,cf469421-2f6f-4bd8-afcf-8654a71f43cb.pdf,OK,
1861,cf570bb8-c8d7-4452-8126-71d79451a317.pdf,OK,
1862,cf74ba7a-4f61-4e78-82ae-4b341d8e4ab1.pdf,OK,
1863,cf87bf40-10b2-4958-935c-1d4415eac122.pdf,OK,
1864,cfaec9b3-8644-43ac-9b96-6456b4375006.pdf,OK,
1865,cfb0ed25-24b1-45a6-8469-884cabdf1e9f.pdf,OK,
1866,d0110657-2499-4c7d-8347-ad566f73124f.pdf,OK,
1867,d0440a60-9aea-418f-a3ea-309af6ec1a47.pdf,OK,
1868,d055ce9b-f8d2-4117-bcd8-4ad194463ed1.pdf,OK,
1869,d0b04792-3789-4b97-b202-2f00dbdeb282.pdf,MISSING,file does not exist
1870,d0b8fd34-606d-46c4-9fdb-3628955688a7.pdf,OK,
1871,d0c00264-e09b-49d3-ac47-141f0668ac5f.pdf,OK,
1872,d0c347f1-3cd6-44a8-880f-06ac1855fb76.pdf,OK,
1873,d0c6bb7a-1f54-45db-ad35-ae921754ddc3.pdf,OK,
1874,d0cbd7ef-b6e5-4ffc-af7d-1f4e336d589f.pdf,OK,
1875,d0e7ff29-c501-4c24-a9b5-166c64f0da97.pdf,OK,
1876,d15e92ce-357e-4811-8930-d3f94d2cdc83.pdf,OK,
1877,d19c2722-d2db-49e1-bb2e-7c173af52cab.pdf,OK,
1878,d1b733e7-0d41-4f3f-96df-b1decfe2ed24.pdf,OK,
1879,d1c8cf42-2dd0-443d-95c2-e1616c31721c.pdf,OK,
1880,d20ce605-caeb-42aa-89b2-b3d0a4a42465.pdf,OK,
1881,d2122bdd-9f75-4791-859b-ac842db14085.pdf,OK,
1882,d21c656c-4e70-4802-8416-9455b2226bbf.pdf,OK,
1883,d228ba04-e6c8-4ef5-a8e6-0cc0114cf4a8.pdf,OK,
1884,d229d170-b1da-448d-aef6-be4be6e4e5c0.pdf,OK,
1885,d2456f23-7732-4a16-adf4-bfb2a8835212.pdf,OK,
1886,Qiang 等 - 2023 - Distributed prescribed-time leader–follower tracking consensus control for high-order nonlinear MASs.pdf,OK,
1887,d27fe47b-2a66-4843-9a5c-90c8f304d936.pdf,OK,
1888,d285781e-a000-4bae-8931-31f8377f5ef6.pdf,OK,
1889,d299d5a1-31da-43d0-ac14-ae5409d90783.pdf,OK,
1890,d2a5af58-c33b-4a5d-a5bb-c5110ee54d61.pdf,OK,
1891,d2e92cee-da13-4fcf-8de5-5f04b6355242.pdf,OK,
1892,d30361e9-adc0-417c-96f1-deebf20314ed.pdf,OK,
1893,d30f99f3-d856-44f6-8df3-c290efd11e7a.pdf,OK,
1894,d3263c3a-6f49-48e7-b728-2fbb1849f610.pdf,OK,
1895,d3463bef-be00-4da7-bb68-84ba8ae5e333.pdf,OK,
1896,d35773ea-4e98-4d81-8eb9-3653eecf7b80.pdf,OK,
1897,d365aa6d-329d-4d77-aa7a-829a610f2ae9.pdf,OK,
1898,d3835787-f563-48a2-8ed5-977b5312ea7f.pdf,OK,
1899,d387d719-dbc6-4e8b-a67b-78adefb501b2.pdf,OK,
1900,d391fd24-c43a-419d-a723-2efda941fb63.pdf,OK,
1901,d399eda2-3c95-4fab-b94c-88e0605a7fbf.pdf,MISSING,file does not exist
1902,d3a8c804-2f2c-4e6e-975d-47ac1b7095e5.pdf,OK,
1903,d3b1daa6-c69c-4291-b92d-f11ebb9dc8d8.pdf,OK,
1904,d3d0823f-c420-414e-bc43-806d008447ce.pdf,OK,
1905,d3dac6cf-f147-476d-a151-ec1c7964d208.pdf,OK,
1906,d3ee8172-9561-4d87-81fd-6b7ad8464bc3.pdf,OK,
1907,d41f179b-764e-4896-a1e3-7f4bce6c5ed0.pdf,OK,
1908,d420fa1f-3a67-4c23-ac54-09336ec6aca6.pdf,OK,
1909,d42b3123-4c6d-43f2-8809-bf71e941fe32.pdf,OK,
1910,d45460aa-872f-41f3-9bdc-c33d5677db0f.pdf,OK,
1911,d4711c53-b3be-4f1f-b191-72caabda57fe.pdf,OK,
1912,d473e2ee-79ef-4f9f-a358-db98b7b6aac0.pdf,OK,
1913,d49205c8-f1d1-49d0-9cdc-4b29e588c6ca.pdf,OK,
1914,Chávez-Olivares 等 - 2023 - A nonlinear disturbance observer for robotic manipulators without velocity and acceleration measurem.pdf,OK,
1915,d4bf5ec0-fd23-4c80-83ab-efb86b50b4dc.pdf,OK,
1916,d4c243f1-ad70-43d2-98f6-f8e83df8c471.pdf,OK,
1917,d4c47d92-1dd0-4a86-8c75-755ec17bd83a.pdf,OK,
1918,d4cfe6fc-a5cb-4463-9a38-71fa49d7fdc3.pdf,OK,
1919,d4f2ccee-ae14-4299-b19d-108ef24a6cd2.pdf,OK,
1920,d5126128-8624-41ac-8e86-4de655523d50.pdf,OK,
1921,d52a4cfc-197d-4232-b077-47d2208349ac.pdf,MISSING,file does not exist
1922,d53bb355-2ea8-4b9f-94d3-ec21980f8651.pdf,OK,
1923,d5715278-d73a-4a17-ae66-f14df5693f2b.pdf,OK,
1924,d585b881-f3c9-4f02-b6c7-ba5707257bb2.pdf,OK,
1925,Shao 等 - 2023 - Coordinated moving-target encircling control for networked quadrotors with event-triggered extended .pdf,OK,
1926,d5bccde0-60ec-4405-a580-d235d4353393.pdf,OK,
1927,d5bd4af9-8ad4-451c-9aed-763ce0e2f436.pdf,MISSING,file does not exist
1928,d5fa8eab-585b-4cb7-ab07-e808cfe206ec.pdf,OK,
1929,d619b33c-a150-4970-8b9f-0dc92f79c9ae.pdf,OK,
1930,d61cd881-6fff-4022-8295-8d91453ace58.pdf,OK,
1931,d638d038-42f7-4ca2-89e4-5cffad3c4610.pdf,OK,
1932,d65faaf1-99cd-426f-8058-c4e73ca46684.pdf,OK,
1933,Li 等 - 2023 - Passivity-Based Trajectory Tracking and Formation Control of Nonholonomic Wheeled Robots Without Vel.pdf,OK,
1934,d6ce071f-2e00-498a-8100-bfe366c5826e.pdf,OK,
1935,d717d05e-eb5f-4302-a31e-c5142288ddb7.pdf,OK,
1936,Jin 等 - 2023 - Strong reciprocal ratio consensus of modified second-order multi-agent systems with periodically tim.pdf,OK,
1937,d7504f56-eba9-4bc0-aa99-1c7071225fc1.pdf,OK,
1938,d76e7d52-c4e4-4d5d-973e-5729a84a9216.pdf,OK,
1939,d78d1b74-df85-409e-82ff-ae26a741dcc1.pdf,OK,
1940,d7b22e78-fadd-4d21-9471-8c77bcbac823.pdf,OK,
1941,d7c1bbca-20b9-4454-8cc9-2bd0208b3728.pdf,MISSING,file does not exist
1942,d7c77aff-a3be-4e77-ad15-ab395da18e4f.pdf,OK,
1943,d7caab0c-0bd0-4358-913f-3036cda2d2c7.pdf,MISSING,file does not exist
1944,d7d41822-e687-4ee9-8350-c4afba32caa5.pdf,OK,
1945,Yan 等 - 2024 - Distributed control of unmanned marine vehicles for target circumnavigation in communication-denied.pdf,OK,
1946,d813aab4-6cb5-4a71-b3eb-5af186965712.pdf,OK,
1947,d81a4252-1154-4faf-9d67-0ad85c30caa4.pdf,OK,
1948,d8341f86-68ac-4f5d-8f40-1435943d4fc6.pdf,OK,
1949,d83b76f7-fdac-4b39-9ea1-4788ce520844.pdf,OK,
1950,d84ae841-79ce-433b-b294-14513213e7cb.pdf,MISSING,file does not exist
1951,d860c3ba-9c77-49b2-a8f7-045d1374e36d.pdf,OK,
1952,d8b08a4c-279f-4760-b4ac-90a04006ab30.pdf,OK,
1953,d8bb5ab9-02cb-4c29-b224-ad2612302e8b.pdf,OK,
1954,d8e2c8a0-cac7-4203-93ea-4c388a4c6404.pdf,OK,
1955,d9771897-4db4-426c-aaca-3278ede1f406.pdf,OK,
1956,d9844b41-5478-4d62-ae10-5de1a79f2357.pdf,OK,
1957,d99b148a-a825-4145-b229-b61945e9f0f2.pdf,OK,
1958,d9a24d5e-3904-4abc-ac7d-3a4a7e52d18d.pdf,OK,
1959,d9e3e8f2-5d89-4830-9bdd-d2c0c993a2f0.pdf,OK,
1960,d9eee638-68ab-4c07-9c4a-d7b06a25368c.pdf,MISSING,file does not exist
1961,d9f925b1-6a37-4145-811d-d069ea2e74b5.pdf,OK,
1962,da1a5210-27ee-4c8b-bd0d-c20153eec3a4.pdf,MISSING,file does not exist
1963,da2b3b66-d65c-4118-8fb4-970e0e7ed54f.pdf,OK,
1964,da2d1e1c-ded1-48ad-a033-c1f69cc33470.pdf,OK,
1965,da2e6bac-bc09-45f2-86f3-03e689580f8b.pdf,OK,
1966,da42286a-6dee-4618-9f28-03d39e899a53.pdf,OK,
1967,da4db5a9-bb19-449d-9874-c33e6848ef88.pdf,OK,
1968,da64f546-7af8-4af3-aee5-0c2c47f95738.pdf,OK,
1969,dace4c11-9875-4021-bca4-3aae0a88b567.pdf,OK,
1970,dae80991-48e3-4516-bd13-244d0723ea19.pdf,OK,
1971,daebef24-f745-45c0-9f95-79b137e026ed.pdf,OK,
1972,daf09ac0-70d6-4907-8862-b32e60f528e5.pdf,OK,
1973,daff6027-1ceb-449a-8a99-b8e120a1f10c.pdf,OK,
1974,db181bdb-a769-4a82-953f-88536bde02c4.pdf,OK,
1975,db1eff27-80e9-4d29-9e79-0d288bb26fc2.pdf,OK,
1976,db27d021-4bae-493b-b154-cd1382604322.pdf,OK,
1977,db4934a0-db6a-43d0-b46c-8191d47478b5.pdf,OK,
1978,db5b83cd-f531-429c-bc97-6b59dc9aa326.pdf,OK,
1979,db74cc06-535e-438b-b7ec-35e17475ffc6.pdf,OK,
1980,db839308-85bd-4788-83e5-110429d19783.pdf,OK,
1981,db99eb71-e6c3-407f-9672-4abd151f0a18.pdf,OK,
1982,db9dd73c-9468-474a-adbe-346a636653d2.pdf,OK,
1983,dba00dbc-9904-4eb6-9afe-9a93ba6636f5.pdf,OK,
1984,dbdad35b-82e4-414d-8063-415811721d85.pdf,OK,
1985,dbf76fed-f5f0-435c-8b79-aab6c3aa332f.pdf,OK,
1986,dc13a6d6-eb3f-4a20-a39d-0266058345df.pdf,OK,
1987,dc447ff1-9258-4251-859f-eebf7f69fd9d.pdf,OK,
1988,dc502e80-13e9-4edf-be74-13f82b79c3ac.pdf,MISSING,file does not exist
1989,Wang 等 - 2024 - A hierarchical design framework for distributed co.pdf,OK,
1990,dc99d9d3-4fc8-4e19-93e3-4bd2b92069d8.pdf,OK,
1991,dcb84fa0-e315-48d2-b49e-c3798fafe626.pdf,OK,
1992,dcd2d25f-9847-42b9-a033-546b433b0e4e.pdf,OK,
1993,dce10d9b-6b3a-4cda-8c2d-5498514a317d.pdf,OK,
1994,dce88ab5-26c3-4d81-8dec-90b494a10756.pdf,OK,
1995,dd0713b4-d707-4ced-964e-52f1b92831b6.pdf,OK,
1996,dd1c5f9b-01c2-498d-9e69-2ddcf43736ad.pdf,OK,
1997,dd23d752-fd26-455a-9826-1e719de6a491.pdf,OK,
1998,ddb09c78-de00-4860-9f11-6c3a6acf39b2.pdf,OK,
1999,ddbcd094-25c5-40e2-bea7-0273489c134a.pdf,OK,
2000,ddc22579-84e3-42f0-8e24-5ddff5d444c2.pdf,OK,
2001,ddc5bc16-ec8d-4f3a-89f3-e674aca38548.pdf,OK,
2002,Zhao 等 - 2024 - Prescribed-time elliptical circumnavigation for multiple moving targets by multi-UAVs.pdf,OK,
2003,de0660a0-348d-4506-9ce3-7da9fde0dd6a.pdf,OK,
2004,de1b10af-43ae-4abf-b4a1-44c53ee5e199.pdf,OK,
2005,de2ea418-dbe4-48c2-acff-7beba61ad94f.pdf,OK,
2006,de331e3a-70d2-48d8-a75d-3f4bb1732633.pdf,OK,
2007,de404890-47f5-4d93-8a17-fa01a3929fa4.pdf,OK,
2008,de7264b9-d762-4f36-9abe-60a99b9ebd9f.pdf,OK,
2009,de73bf14-dea5-4486-ad88-ba8cd73460d5.pdf,OK,
2010,de82addd-3084-4522-add9-97306bf9afa4.pdf,OK,
2011,de9a8e1a-fe6d-4782-9691-8795650eaa92.pdf,OK,
2012,deadc71a-35e5-4298-aaed-7902dc0a5b9e.pdf,OK,
2013,decb6fdb-0e2d-4f73-acb0-bf265a5d479f.pdf,OK,
2014,deebac0a-2da7-4583-8a00-27f8ab9c987c.pdf,OK,
2015,df34d699-b055-4123-9ea7-72977eb1c80d.pdf,MISSING,file does not exist
2016,df4e712a-a1b0-4884-94bb-8956a58ccf15.pdf,OK,
2017,df824274-a0a0-46de-ab9c-c56fc84cac0c.pdf,OK,
2018,Yan 等 - 2024 - Trajectory tracking control of nonholonomic wheeled mobile robots using only measurements for positi.pdf,OK,
2019,df98207a-ab3d-45ec-b90f-39e8d70fd920.pdf,OK,
2020,df9d2c1f-4e56-4d4e-948b-f0d517a51b9c.pdf,OK,
2021,dfc79f6f-f5bd-4ba7-b0ce-1c6ce15d592e.pdf,OK,
2022,dfca9a4e-c1fc-434e-a39c-db2a541b488a.pdf,OK,
2023,Chen 等 - 2024 - Multiple time-varying formation tracking of multiple heterogeneous Euler–Lagrange systems via prescr.pdf,OK,
2024,e0054487-6150-407a-a957-62fe37133f4d.pdf,OK,
2025,e039deed-e9ec-412b-87fe-bdacbfe116e8.pdf,OK,
2026,Salas-Peña 等 - 2024 - Output feedback adaptive super twisting sliding mode control for quadrotor UAVs.pdf,OK,
2027,e05a18be-be8f-4c14-9704-3de634dfaeaf.pdf,OK,
2028,e05dfa6a-167a-41e9-8b96-d031785034aa.pdf,OK,
2029,e068f544-5427-4599-85ea-e0bc0c7a1924.pdf,OK,
2030,e0967f44-bea1-4260-8d8a-cc9fa0cea136.pdf,OK,
2031,e09a9ff0-fda6-4a33-abd0-58590796d482.pdf,OK,
2032,e0b4a1d4-f580-4c4c-8cdf-7826261ad8ee.pdf,OK,
2033,e0c71a0a-e6b2-47e5-a67b-05049314ef74.pdf,OK,
2034,e0d32166-5388-4e9c-81f2-49609e6fc4a1.pdf,OK,
2035,e0e92646-c409-49c7-9219-00a30a5c452f.pdf,OK,
2036,e0f5f586-6dfe-428f-946a-c176a986ab05.pdf,OK,
2037,e115eb52-12e4-433f-905e-f366d7cc123c.pdf,OK,
2038,e129c710-9e11-4433-b10b-2d64d999e2aa.pdf,OK,
2039,e153eee8-79dc-483f-8853-ed2e44b3cf90.pdf,OK,
2040,Wu 等 - 2024 - On the convergence of tracking differentiator with multiple stochastic disturbances.pdf,OK,
2041,e1a00fe8-1e24-41f9-b386-24edc3383d68.pdf,MISSING,file does not exist
2042,e1bb2d54-c4e0-46ae-bd47-9fe7c5a15770.pdf,MISSING,file does not exist
2043,Wang 等 - Robust integral of sign of error‐based distributed.pdf,OK,
2044,Hua - Leader-follower finite-time formation control of m.pdf,OK,
2045,e24d3c42-30bc-46e1-b6d9-3b5dfefba658.pdf,OK,
2046,e25064f6-9bd4-48a4-bfd1-7fe3673dc699.pdf,OK,
2047,e265092e-1604-4399-b1f7-6230005a29f6.pdf,OK,
2048,e2695487-a2fd-4cdd-8f46-99c0877e4f24.pdf,OK,
2049,e28f5372-6e57-4189-9ec3-52fe0faf99c7.pdf,OK,
2050,e2c0a08b-6128-4c22-8c17-8a24e706515e.pdf,OK,
2051,e2c5d4ca-8791-4ff6-b9e4-1d5f2d7fa629.pdf,OK,
2052,e2d43c71-bbf7-4aca-bb91-1c1492e39866.pdf,OK,
2053,Babazadeh 和 Selmic - Distance-Based Formation Control of Nonlinear Agen.pdf,OK,
2054,e2fb6127-9952-4e98-8319-ea766b0ffe08.pdf,OK,
2055,e3004bd3-dc42-456b-8336-92d796c062af.pdf,OK,
2056,Babazadeh 和 Selmic - Distance-Based Formation Control Over Directed Tri.pdf,OK,
2057,e328564a-fd23-465d-a87c-2240ebdaa025.pdf,OK,
2058,e34b7e05-3f59-42df-8061-ab6b723684eb.pdf,OK,
2059,王 等 - 基于覆盖控制的多机动目标合围拦截制导方法.pdf,OK,
2060,e3c0f669-efec-493f-9c10-d2991654a15e.pdf,MISSING,file does not exist
2061,e3cf6d7a-338e-4327-8a11-c6d3d6acccd8.pdf,MISSING,file does not exist
2062,e3d0173d-745a-4deb-91d5-a78cebf62cdd.pdf,OK,
2063,Wang和Meng - 2021 - Adaptive Consensus and Parameter Estimation of Multiagent Systems With an Uncertain Leader.pdf,OK,
2064,e4490ecc-4f90-441a-aa2a-8779e87f1782.pdf,OK,
2065,e4532e80-8501-4e86-9773-73c6107c650d.pdf,OK,
2066,e453eecd-a092-4447-8018-2693e0e7191d.pdf,OK,
2067,e45e413b-6165-4448-a2ac-1e788ab679eb.pdf,OK,
2068,e462a2a7-4524-4fc5-ab75-ef9b919b2881.pdf,OK,
2069,e475da06-4745-49ea-aa3d-ad1bb7979a05.pdf,OK,
2070,e477103c-d421-4017-a71b-f3c9208aa481.pdf,OK,
2071,e4ab9d5c-4193-48e9-90cd-9ee54d0564ae.pdf,OK,
2072,Wang 等 - 2021 - Distributed Finite-Time Optimization for Disturbed Second-Order Multiagent Systems.pdf,OK,
2073,e550ff24-6060-4dfd-9ecf-8b112f26c864.pdf,OK,
2074,e5536241-a751-4502-91c5-31557a20c0c8.pdf,OK,
2075,e562d44b-cba2-4da4-8cb8-394c26830ea6.pdf,OK,
2076,e5889359-334c-4472-8fba-b61e6c6cfba2.pdf,OK,
2077,e5a1bcf6-25ac-4fcf-87fe-a08a8184bacb.pdf,OK,
2078,e5c77ce4-3d7c-41be-bc8b-2beddd81448b.pdf,OK,
2079,e5d1be4e-a82f-49cf-9dcf-1532fdad749d.pdf,OK,
2080,e5e3abc1-3d6f-4aca-9bae-43c349eef519.pdf,OK,
2081,Sarrafan和Zarei - 2021 - Bounded Observer-Based Consensus Algorithm for Robust Finite-Time Tracking Control of Multiple Nonho.pdf,OK,
2082,Wu 等 - 2021 - Finite-time bearing-only formation tracking of heterogeneous mobile robots with collision avoidance.pdf,OK,
2083,e613d8b6-3750-4479-b9d4-6812e12d632e.pdf,OK,
2084,e661c956-f11a-464f-813e-0a87e1eaf957.pdf,OK,
2085,e6cb97b7-2e2f-408d-9dcb-2323bb18a931.pdf,MISSING,file does not exist
2086,e6d6c54c-7f31-4340-b8a4-b62f9590f9da.pdf,OK,
2087,e6deb070-4634-4bd1-b7ed-fb5bd2f150de.pdf,OK,
2088,Wang 等 - 2021 - Theory and experiments on enclosing control of multi-agent systems.pdf,OK,
2089,Pei 等 - 2021 - An overview on the designs of distributed observers in LTI multi-agent systems.pdf,OK,
2090,e6fe7a40-2681-4380-a416-e832bedd2d2f.pdf,OK,
2091,Pliego-Jiménez 等 - 2021 - Trajectory tracking of wheeled mobile robots using only Cartesian position measurements.pdf,OK,
2092,e73b8470-111e-49d2-a12d-6a279bc714b7.pdf,OK,
2093,e73dd7f0-f8a1-4064-b90d-ffd32fc95b78.pdf,OK,
2094,e7537b5d-c780-4360-aa48-90988a071777.pdf,OK,
2095,e765b961-0189-41d3-9c83-dca78e1b7b86.pdf,OK,
2096,e7882011-04ef-46e3-9e77-e6ec7691b6e0.pdf,OK,
2097,e7ac62be-3fed-4c06-a5c5-f0de181951d0.pdf,OK,
2098,e7cd5c69-2861-4253-a28b-b9ea660067db.pdf,OK,
2099,e7d2e682-52bf-4673-8984-f440fee72ec6.pdf,OK,
2100,Dou 等 - 2021 - Moving-Target Enclosing Control for Mobile Agents .pdf,OK,
2101,Yang 等 - 2021 - Distributed entrapping control of multiagent systems using bearing measurements.pdf,OK,
2102,e81dbc36-2572-4d26-9ae2-7a6db3a2e8c5.pdf,OK,
2103,e841d319-3b89-4c79-b355-d903e8eb7fdd.pdf,MISSING,file does not exist
2104,e846e865-b811-46d5-8ad0-b9384550dca7.pdf,OK,
2105,e8a164ea-3a56-4309-a41d-261b9af1e180.pdf,OK,
2106,e8dc9de7-6873-4b1e-9c83-7d7e9318feda.pdf,OK,
2107,e8e2f57e-515d-4aa7-ab24-bc2727f33e50.pdf,OK,
2108,e8ecb725-98fe-4ee1-b2df-56d62bfab876.pdf,OK,
2109,e9053279-6c34-4755-a7fd-0ee736cb2ac9.pdf,OK,
2110,e92c7b31-37e7-456a-9fd4-b917ee300a3a.pdf,OK,
2111,e95f6436-9348-4ccb-b221-feff17c9b1f0.pdf,OK,
2112,e9631540-aaaa-415a-9c4c-ae478bf37e70.pdf,OK,
2113,e9832487-9bf4-48f1-b92a-7766414b2b49.pdf,OK,
2114,e9a34b4a-e729-4690-aeaa-c8e9b3252649.pdf,OK,
2115,e9e80e7f-5588-4440-ab9d-72b68c925bde.pdf,OK,
2116,ea2658a8-6482-48af-9fee-7053d64b43e0.pdf,OK,
2117,ea4cc15c-ede8-45ef-9385-b635326b74d4.pdf,OK,
2118,Sun 等 - 2021 - Fixed-time formation tracking for multiple nonholo.pdf,OK,
2119,Wang和Huang - 2021 - Adaptive distributed observer for an uncertain leader with an unknown output over directed acyclic g.pdf,OK,
2120,ea7806ee-c577-49fe-827b-d05548a0db2a.pdf,OK,
2121,王耀南 等 - 2022 - 智能无人系统技术应用与发展趋势.pdf,OK,
2122,eab53d7a-c3cc-44b6-b8a2-c612a91e6908.pdf,OK,
2123,eac2f7bd-88b7-4b4a-95e5-db0947eb86b5.pdf,OK,
2124,eadebb43-bfea-415f-9ce7-40c11130a06a.pdf,OK,
2125,eaf1085c-c003-4f56-a805-f5b2e7dae9e9.pdf,OK,
2126,eb694adc-b762-431c-91f1-753691e7b437.pdf,OK,
2127,eba2061a-5893-4bbc-aa0b-97fda09e69d9.pdf,OK,
2128,ebffe5d3-362d-40de-ba97-beeb2e0ce56c.pdf,OK,
2129,ec1ad073-0c0b-4e34-96e8-93c18e50da85.pdf,OK,
2130,Hu 等 - 2022 - Distributed Stabilization of Heterogeneous MASs in.pdf,OK,
2131,ec4fcc3c-3c54-4558-a819-f0037f9428a8.pdf,OK,
2132,ec50e9ea-e9e9-4287-b368-94798b1d3e14.pdf,OK,
2133,ec5ef3b4-ac9c-452b-a71c-27947408766b.pdf,OK,
2134,ec641378-554a-4683-aa40-daf52ae41155.pdf,OK,
2135,ec74c8e8-48d9-4718-8b2b-9276b6c08a24.pdf,OK,
2136,ecda3a1d-aa64-407b-a4bc-1671fd81554e.pdf,OK,
2137,ecfd61d2-82dd-4a30-8fa1-8df33f6d757b.pdf,OK,
2138,ed3808f8-5fc0-4400-a71e-8c7868b2b31c.pdf,OK,
2139,ed4bf3b9-888d-4466-b7ad-2660b1fbd2f4.pdf,OK,
2140,ed516f30-27ed-4fed-af96-7f0fbe4aa935.pdf,OK,
2141,ed660933-8acd-4709-a6a0-069d7054cde5.pdf,OK,
2142,ed94d010-3eb9-4110-a71e-cf71e17de105.pdf,OK,
2143,ed9b5615-eeea-4f21-aee4-2492b8d5ff6e.pdf,OK,
2144,eda7900a-d2ee-4531-8ae4-c1f9ee5a948c.pdf,OK,
2145,eda7cb40-604b-4414-b715-5ad2e2d69403.pdf,OK,
2146,eda8aadf-099e-4c69-9de2-cd62d8b84f66.pdf,OK,
2147,ee36e09c-cc9a-40aa-89e2-2848cc0409b9.pdf,OK,
2148,ee9e286d-6a81-481b-92e5-f7f4e5c1b432.pdf,OK,
2149,eeb10908-815f-48e0-b7ae-e3b691d023c5.pdf,OK,
2150,Cai 等 - 2022 - Adaptive Bipartite Event-Triggered Time-Varying Ou.pdf,OK,
2151,eed8542f-0f21-4d0a-8266-a3c4da85df88.pdf,OK,
2152,ef55cae2-c2db-47c7-94ba-a94a923f037d.pdf,OK,
2153,ef643e38-9509-4216-9754-7650e3550936.pdf,OK,
2154,ef739f89-18cb-422e-88bb-3f951ccc994f.pdf,OK,
2155,ef86ea9d-5654-4d5d-9c72-e31bef0e908a.pdf,OK,
2156,ef960303-5e38-4087-a502-d30c03f3b001.pdf,OK,
2157,ef9f0d7c-76ce-4f94-8ae1-bf5b9ca43c62.pdf,OK,
2158,efb32fee-2329-4793-aedc-03e992d5d169.pdf,OK,
2159,Iqbal 等 - 2022 - Finite- and Fixed-Time Consensus Protocols for Multi-Agent Systems With Time-Varying Topologies.pdf,OK,
2160,efe27560-3ce2-433a-92c8-a142e95779b8.pdf,OK,
2161,efe428e2-dd85-4b09-bda5-b9349b6891c4.pdf,OK,
2162,Van Tran 和 Kim - 2022 - Bearing-Constrained Formation Tracking Control of .pdf,OK,
2163,f01951a7-13b2-4592-8e65-eecf3988924d.pdf,OK,
2164,Nekoo 等 - Geometric control using the state-dependent Riccat.pdf,OK,
2165,f08b3581-8f90-4d49-a99c-c5be648fe642.pdf,OK,
2166,f0b2bb22-7078-40a6-a8f2-c854c57f9f0b.pdf,OK,
2167,f0d026e6-22eb-4783-81cb-bcb744330680.pdf,OK,
2168,f10f9583-70ed-4d36-b69a-251f08c7c11e.pdf,OK,
2169,f11c0d16-b07c-4dbf-a54e-ea3ded5bfa0b.pdf,OK,
2170,f11d5e06-3cd3-4281-ba88-7038798a60ff.pdf,OK,
2171,f194fa1b-69f3-4ef3-9587-bfc7757dd582.pdf,OK,
2172,f1e6024c-fc35-4f18-a8eb-9ea9a509b038.pdf,OK,
2173,f1fd4ad7-6b6f-48e1-822d-f600dd68b8ad.pdf,OK,
2174,f22659be-c2d5-43af-b1d3-91ad27e8875e.pdf,OK,
2175,f229857d-ccbb-4ecb-96f0-389b735bb96a.pdf,OK,
2176,f243fd72-6dbd-47d1-a414-dccb44b9451f.pdf,OK,
2177,Sarrafan 等 - 2022 - Resilient Finite-Time Consensus Tracking for Nonholonomic High-Order Chained-Form Systems Against Do.pdf,OK,
2178,f291eb70-66d5-4bcf-ae23-68e4bec47d04.pdf,OK,
2179,f2ad01ce-a55b-466d-9856-c59d0cf9d43c.pdf,MISSING,file does not exist
2180,Hu 等 - 2022 - Distributed surrounding control of multiple unmanned surface vessels with varying interconnection to.pdf,OK,
2181,Idrissi 等 - 2022 - A Review of Quadrotor Unmanned Aerial Vehicles Ap.pdf,OK,
2182,f2dff933-3682-4e73-ab53-81613aa4aa3b.pdf,OK,
2183,f2f93f08-4aaf-4467-adc4-9c8892f43afc.pdf,OK,
2184,Bi 等 - 2022 - Robust Cooperative Output Regulation of Heterogene.pdf,OK,
2185,f3113b26-3265-4a1c-b851-a11a76530e1c.pdf,OK,
2186,f330cc39-5a78-4d00-a655-35a3e7b94d94.pdf,OK,
2187,f369de3d-9ce4-4c04-9ae6-8edf0506950b.pdf,OK,
2188,Fang 等 - 2022 - Cooperative pursuit with multi-pursuer and one faster free-moving evader.pdf,OK,
2189,f399064b-787f-4b75-a15e-a7b60135253a.pdf,OK,
2190,f39b0e6c-68f6-4318-8cae-693777a3114c.pdf,OK,
2191,f39c2ab5-9865-4bc8-b9d4-b0cbeccff2ef.pdf,OK,
2192,f3ed44b0-117f-49c5-b264-62c9a089df74.pdf,MISSING,file does not exist
2193,f41f994c-865c-406b-b50a-eb6233484d7c.pdf,OK,
2194,f442eeb9-56aa-4dc4-93ea-f4a732bcb6d1.pdf,OK,
2195,f444becf-e7ce-402b-a095-af96a0c96b7f.pdf,OK,
2196,f4842278-7d0f-44b6-9ecf-eff625eca75b.pdf,OK,
2197,f4ff18a1-666b-45d3-bdcf-d49308b1d0fc.pdf,OK,
2198,f5434680-dc41-4654-8eb4-68890bc23d8b.pdf,OK,
2199,f54cd72e-8c4d-4353-80d7-9469a21eaf41.pdf,OK,
2200,f5596546-213f-4b4e-a72c-b0c38dfc006e.pdf,OK,
2201,Gong 等 - 2022 - Distributed Prescribed-Time Consensus Observer for.pdf,OK,
2202,Hu和Zhang - 2022 - Bearing-only motional target-surrounding control for multiple unmanned surface vessels.pdf,OK,
2203,f5f9a27b-4c83-45ac-8e00-a16bf7f74b48.pdf,OK,
2204,Bono 等 - 2022 - Target capturing in an ellipsoidal region for a swarm of double integrator agents.pdf,OK,
2205,f65207e8-0fd0-4731-930e-3a84e997c85e.pdf,OK,
2206,f65365fa-820d-4d2d-b74c-8cb99317aed5.pdf,OK,
2207,f67d0b3b-2168-49a2-9489-a7b8c5d7fc18.pdf,OK,
2208,f6834c85-3577-4a59-b79a-dcd72f46a085.pdf,OK,
2209,f6ace008-ac19-489b-b7c4-e21a8ba3a35a.pdf,OK,
2210,f6ba2e95-6d45-4c6e-9d2d-f3a0b4fa9ecc.pdf,OK,
2211,f6bbb6c2-b1b5-4602-a35a-b069c3069a7b.pdf,OK,
2212,f6c38661-6b76-4fb8-98b2-fbb03c584e81.pdf,OK,
2213,f70f6cd0-4038-4b95-8a03-fced20fcba5d.pdf,OK,
2214,f7150552-e913-4c8d-92a7-61de44ebb6a6.pdf,OK,
2215,f722b3ac-e271-450d-9b73-76269aab51a0.pdf,OK,
2216,f738ced3-aa83-48d5-bc4a-0f16599dbf9f.pdf,OK,
2217,f77d863e-4346-4cb1-a60b-2720afc31135.pdf,OK,
2218,f78ee8c0-cdd0-497b-be41-7f7f022acfc5.pdf,OK,
2219,f79fbc10-b5be-47b6-8c50-16364df126db.pdf,OK,
2220,f7a11e20-ffb2-429d-84e7-c1569a6d85cc.pdf,OK,
2221,f7af69d6-abbb-4955-b3b3-defd4adac480.pdf,OK,
2222,f7d76c11-e234-4403-8d2a-5694aa685b29.pdf,OK,
2223,f7e49568-5653-4bdf-9c0c-6f81e57ce7a2.pdf,OK,
2224,f8024f10-a812-4d0f-9409-4e77ba080052.pdf,OK,
2225,f820e86d-95e0-4f7e-80b4-3a1a2f59ba37.pdf,OK,
2226,f842c9ea-45c3-4b1b-991a-3719603f4cc6.pdf,OK,
2227,f84ba449-49ce-454f-bddd-4342e0f01dc8.pdf,OK,
2228,f8c88a40-fbef-4138-b061-6598b2ffe701.pdf,OK,
2229,f8e88edc-e1f7-4bde-b6ea-a2d79cc3bcf3.pdf,MISSING,file does not exist
2230,f8fe9cb7-9ee5-4e4a-b668-0c7a1b5f0021.pdf,OK,
2231,Huang 等 - 2022 - Distributed Robust Containment Control of Linear H.pdf,OK,
2232,f9205f93-2ba8-4cc2-987d-69ff5bbc9e8e.pdf,OK,
2233,f94dba8e-cb6b-458a-b352-120e907de1d1.pdf,OK,
2234,f96bc57b-1aa7-4c2a-bd23-e691535f3055.pdf,OK,
2235,f99151bb-cf31-49a3-a824-ea8e1920c13f.pdf,OK,
2236,f9a204d4-2838-4e8e-8554-d3ea8913dccd.pdf,OK,
2237,f9ee0e06-a189-48fc-9482-7da317a159f9.pdf,OK,
2238,f9fe0088-929a-433a-8f31-e6a65ac33945.pdf,OK,
2239,fa349a70-636f-4897-a062-fd7ae6da1194.pdf,OK,
2240,fa464e4e-4499-4664-bcc7-0d20cde06875.pdf,OK,
2241,fa5c91a0-2d79-4749-94ea-a1ccccaa4d23.pdf,OK,
2242,fa7f707f-e2c1-4c5f-bf49-dd62cf064d14.pdf,OK,
2243,fab21005-a50f-4d9b-a61d-c2939b94174a.pdf,MISSING,file does not exist
2244,fadc7455-b1f1-46a6-bedc-e55c2cace76d.pdf,OK,
2245,fae7b1bc-754c-47cd-832a-e02a8dc19ec2.pdf,OK,
2246,fafd5eda-7e0b-4caf-b13d-2cd612a36b81.pdf,OK,
2247,fb3b4d15-92dd-47f4-8ae5-64c6c1d057a7.pdf,MISSING,file does not exist
2248,fba781c8-e938-4a96-b1e1-d529df6f5fc2.pdf,OK,
2249,fbe88fa1-eeb8-4313-8667-ba5b1d6dae8f.pdf,OK,
2250,fbf51506-a74d-4560-8619-fd79cbe5f520.pdf,OK,
2251,fc313654-7201-40ef-bfc0-7883680dd220.pdf,OK,
2252,fc4d21c2-637a-4403-b4d5-75274fdd1f17.pdf,OK,
2253,fc603054-c426-4665-bccb-5c542b508acc.pdf,OK,
2254,fc6aeaa0-92e7-4147-8a27-56e4b3ce754a.pdf,OK,
2255,fc768899-3a6f-4447-8e76-d2592a1f85e0.pdf,OK,
2256,Zavala-Río 等 - 2022 - On the Continuous Finite-Time Stabilization of the Double Integrator.pdf,OK,
2257,Katsoukis和Rovithakis - 2022 - A low complexity robust output synchronization protocol with prescribed performance for high-order h.pdf,OK,
2258,fca0a67e-2c87-4308-b65c-ab98adbee059.pdf,OK,
2259,fcb3dc1c-3e80-4cf1-b1dd-f6c756e5f03f.pdf,OK,
2260,Ji 等 - 2022 - Finite time consensus control for nonlinear heterogeneous multi-agent systems with disturbances.pdf,OK,
2261,fd14d8ed-0f4f-419b-acf1-e61eacd57b56.pdf,OK,
2262,fd159552-32bd-4f85-a074-0803a758b308.pdf,OK,
2263,fd3d3bbb-30fa-4881-af59-183acf45786f.pdf,OK,
2264,fd54774e-2ca7-410d-917a-7f11111fb504.pdf,OK,
2265,fd6d97f9-3a29-41cb-a4a5-4fb14b663dbe.pdf,OK,
2266,fd717e89-aa3b-416c-851a-d23b43c8e539.pdf,OK,
2267,fd9df5d4-13ab-488c-9d71-8cb439400a0d.pdf,OK,
2268,fdf5808c-1a32-45ab-b5d6-83a2a01a21ec.pdf,OK,
2269,fe12d83f-b5c1-4782-8f7e-8f2cc9717a7e.pdf,OK,
2270,fe7e6aa2-5990-4782-9d81-72533bd0d4c0.pdf,OK,
2271,Song 等 - 2022 - Event-based formation control of heterogeneous mul.pdf,OK,
2272,fe9106e4-ce25-4388-9f18-a1f27c75cc97.pdf,OK,
2273,fe9e808f-b0e3-4cec-a571-489683efafb6.pdf,OK,
2274,fe9f4e19-30ef-44ca-8547-0647c93e4f73.pdf,OK,
2275,fed8d3c5-b36d-4fb3-a978-5ea712fac4f4.pdf,OK,
2276,fedcea29-5e39-442c-9b33-b8b5c1ca64c7.pdf,OK,
2277,fef35a90-d6c6-482f-8751-01e6180e8eb5.pdf,OK,
2278,ff0e0b1e-009d-48b1-8778-962526ded8d8.pdf,OK,
2279,ff1662e8-5b9a-409f-8fa9-a30b61209bd4.pdf,OK,
2280,ff1b6542-52a9-4554-96ee-ed9e68b8a474.pdf,MISSING,file does not exist
2281,ff6088fb-9320-4e83-bb7a-b4bfaf2ef0da.pdf,OK,
2282,ff8cc2fa-6e97-450f-9230-a38923d4885b.pdf,MISSING,file does not exist
2283,Liu 等 - 2022 - Observer-based region tracking control for underwater vehicles without velocity measurement.pdf,OK,
2284,ffac9d53-9a82-4d5a-942d-0aabbd41f483.pdf,OK,
2285,fff8485e-1944-4079-b4e3-c000c4dd5bc9.pdf,OK,
2286,1-s2.0-S0005109823003503-main.pdf,OK,
2287,Yu 等 - 2022 - Distributed Average Tracking Problem Under Directed Networks A Distributed Estimator-Based Design.pdf,OK,
2288,Amirkhani 和 Barshooi - 2022 - Consensus in multi-agent systems a review.pdf,OK,
2289,Zou 等 - 2022 - Distributed output feedback consensus tracking control of multiple nonholonomic mobile robots with o.pdf,OK,
2290,Jiang 等 - 2022 - Cooperative target enclosing of ring-networked underactuated autonomous surface vehicles based on da.pdf,OK,
2291,Cai 等 - 2022 - Tracking consensus of multi-agent systems under switching topologies via novel SMC an event-trigger.pdf,OK,
2292,Ouyang 等 - 2022 - Neural Network-Based Finite-Time Distributed Forma.pdf,OK,
2293,Bi 等 - 2022 - Output Containment Control of Heterogeneous Linear.pdf,OK,
2294,Jin 等 - 2022 - Fixed-time leader-following consensus of multiple uncertain nonholonomic systems An adaptive distri.pdf,OK,
2295,Li 等 - 2022 - Distributed fixed-time average-tracking for multi-agent systems with mismatched and matched disturba.pdf,OK,
2296,Jin 等 - 2022 - Event-Triggered Fixed-Time Attitude Consensus With Fixed and Switching Topologies.pdf,OK,
2297,Ghommam 等 - 2022 - Design of distributed event-triggered circumnaviga.pdf,OK,
2298,Lu 等 - 2022 - Distributed Disturbance-and-Leader Estimation for Controlling Networks of Nonholonomic Mobile Robots.pdf,OK,
2299,Zou 等 - 2022 - Coordinate-free distributed localization and circumnavigation for nonholonomic vehicles without posi.pdf,OK,
2300,Yan 等 - 2022 - Robust Formation Control for Nonlinear Heterogeneo.pdf,OK,
2301,Shi和Hu - 2022 - Event-Driven Connectivity-Preserving Coordinated Control for Multiple Spacecraft Systems With a Dist.pdf,OK,
2302,Sen 等 - 2022 - Distributed Average Tracking With Incomplete Measurement Under a Weight-Unbalanced Digraph.pdf,OK,
2303,Li - 2022 - Adaptive Tracking and Stabilization of Nonholonomic Mobile Robots With Input Saturation.pdf,OK,
2304,Zhou 等 - 2022 - Game-based coordination control of multi-agent sys.pdf,OK,
2305,Shang - 2022 - Constrained Consensus in State-Dependent Directed Multiagent Networks.pdf,OK,
2306,Rafai et al_2022_A Review on Path Planning and Obstacle Avoidance Algorithms for Autonomous.pdf,OK,
2307,Feng和Qian - 2022 - A Linear Differentiator Based on the Extended Dynamics Approach.pdf,OK,
2308,刘云辉_石永康_2023_未知环境下多无人机协同搜索与围捕策略研究.pdf,OK,
2309,Chen 等 - 2023 - Target localization and multicircular circumnavigation with bearing-only measurements.pdf,OK,
2310,Duan 等 - 2023 - Bearing-only containment control of multi-agent sy.pdf,OK,
2311,Han 等 - 2023 - The Leader-Follower Formation Control of Nonholonomic Vehicle With Follower-Stabilizing Strategy.pdf,OK,
2312,Lu 等 - 2023 - Adaptive Angle-Constrained Enclosing Control for M.pdf,OK,
2313,Romero 等 - 2023 - Global Consensus-based Formation Control of Nonholonomic Mobile Robots with Time-Varying Delays and .pdf,OK,
2314,Tran 等 - 2023 - Robust Bearing-Based Formation Tracking Control of.pdf,OK,
2315,Song 等 - 2023 - Prescribed-Time Control and Its Latest Development.pdf,OK,
2316,Wang 和 Liu - 2023 - Prescribed-Time Exact Tracking for a Class of Nonl.pdf,OK,
2317,Wen 等 - 2023 - Finite-Time Consensus for High-Order Disturbed Multiagent Systems With Bounded Control Input.pdf,OK,
2318,Li 等 - 2023 - Dynamic Target Enclosing Control Scheme for Multi-.pdf,OK,
2319,Lu 等 - 2023 - Formation preview tracking for heterogeneous multi.pdf,OK,
2320,Briñón-Arranz 等 - 2019 - Circular formation control for cooperative target .pdf,OK,
2321,Xu 等 - 2019 - Affine formation control for heterogeneous multi-a.pdf,OK,
2322,Wang 等 - 2019 - Prescribed-Time Consensus and Containment Control .pdf,OK,
2323,Guzey 等 - 2019 - Modified Consensus-based Output Feedback Control o.pdf,OK,
2324,Ning和Han - 2019 - Prescribed Finite-Time Consensus Tracking for Multiagent Systems With Nonholonomic Chained-Form Dyna.pdf,OK,
2325,Wang et al_2019_Necessary and sufficient conditions for containment control of multi-agent.pdf,OK,
2326,Yang et al_2019_Optimal Containment Control of Unknown Heterogeneous Systems With Active Leaders.pdf,OK,
2327,Isfoula 等 - 2019 - Practical consensus tracking of multi-agent systems with linear controllers.pdf,OK,
2328,Jing和Wang - 2019 - Finite-Time Coordination Under State-Dependent Communication Graphs With Inherent Links.pdf,OK,
2329,Jenabzadeh和Safarinejadian - 2019 - Distributed Tracking of Nonholonomic Targets Over Multiagent Systems.pdf,OK,
2330,Santilli 等 - 2019 - Distributed Connectivity Maintenance in Multi-Agen.pdf,OK,
2331,"Sarras 等 - 2019 - Comments on ‘Distributed observers design for leader-following control of multi-agent networks,  Aut.pdf",OK,
2332,Hong 等 - 2019 - Authors’ reply to comments on “distributed observers design for leader-following control of multi-ag.pdf,OK,
2333,Patle 等 - 2019 - A review On path planning strategies for navigati.pdf,OK,
2334,Mukherjee 等 - 2019 - Experimental Validation of Stable Coordination for.pdf,OK,
2335,Han 等 - 2019 - Distributed output consensus of heterogeneous multi-agent systems via an output regulation approach.pdf,OK,
2336,Gu et al_2019_Distributed containment maneuvering of uncertain under-actuated unmanned.pdf,OK,
2337,Nekoo et al_2019_Optimized Thrust Allocation of Variable-pitch Propellers Quadrotor Control.pdf,OK,
2338,Liang 等 - 2020 - Leader-Following Formation Control of Nonholonomic Mobile Robots With Velocity Observers.pdf,OK,
2339,Jiang 等 - 2020 - Line-of-Sight Target Enclosing of an Underactuated.pdf,OK,
2340,Rekabi 等 - 2020 - Distributed nonlinear H ∞ control algorithm for mu.pdf,OK,
2341,Peng 等 - 2020 - Moving Target Circular Formation Control of Multip.pdf,OK,
2342,Wang 等 - 2020 - Fully distributed low-complexity control for nonlinear strict-feedback multiagent systems with unkno.pdf,OK,
2343,Yang 等 - 2020 - Event-triggered formation tracking control of nonholonomic mobile robots without velocity measuremen.pdf,OK,
2344,Lopez-Nicolas 等 - 2020 - Adaptive Multirobot Formation Planning to Enclose .pdf,OK,
2345,Yang 等 - 2020 - Entrapping a target in an arbitrarily shaped orbit.pdf,OK,
2346,Jenabzadeh和Safarinejadian - 2020 - Distributed estimation and control for nonlinear multi-agent systems in the presence of input delay .pdf,OK,
2347,Jiang和Jiang - 2020 - Leader-following consensus of linear time-varying multi-agent systems under fixed and switching topo.pdf,OK,
2348,Skorobogatov 等 - 2020 - Multiple UAV Systems A Survey.pdf,OK,
2349,Chun 和 Tian - 2020 - Multi-targets localization and elliptical circumna.pdf,OK,
2350,El-Ferik 等 - 2020 - A Framework of Multiagent Systems Behavioral Control Under State-Dependent Network Protocols.pdf,OK,
2351,Huber 等 - 2020 - Lyapunov stability analysis of the implicit discrete-time twisting control algorithm.pdf,OK,
2352,Yang和Ye - 2020 - Distributed Fixed-Time Consensus Tracking Control of Uncertain Nonlinear Multiagent Systems A Prior.pdf,OK,
2353,Lee 和 Shim - 2020 - A tool for analysis and synthesis of heterogeneous.pdf,OK,
2354,Xu 等 - 2020 - Affine formation maneuver control of high-order multi-agent systems over directed networks.pdf,OK,
2355,Kada 等 - 2020 - Distributed cooperative control for nonholonomic wheeled mobile robot systems.pdf,OK,
2356,Levant和Livne - 2020 - Robust exact filtering differentiators.pdf,OK,
2357,Chakravarthy和Ghose - 2020 - Collision cone-based net capture of a swarm of unmanned aerial vehicles.pdf,OK,
2358,Sun 等 - 2020 - Finite-time Consensus of Leader-following Multi-agent Systems with Multiple Time Delays over Time-va.pdf,OK,
2359,Zhou - 2020 - Finite-time stability analysis and stabilization b.pdf,OK,
2360,Yousuf 等 - 2020 - Multi-Agent Tracking of Non-Holonomic Mobile Robots via Non-Singular Terminal Sliding Mode Control.pdf,OK,
2361,Ye和Wang - 2020 - Trajectory Tracking Control for Nonholonomic Wheeled Mobile Robots with External Disturbances and Pa.pdf,OK,
2362,韩 等 - 2021 - 离散多自主体系统输出时变编队-合围控制.pdf,OK,
2363,国外无人机集群协同控制技术新进展_刘树光.pdf,OK,
2364,田 等 - 2021 - 异构集群系统分布式自适应输出时变编队跟踪控制.pdf,OK,
2365,王为科_2021_异质非线性多智能体系统时变编队控制.pdf,OK,
2366,Sen 等 - 2021 - Circumnavigation on Multiple Circles Around a Nons.pdf,OK,
2367,Gong 等 - 2021 - Distributed Prescribed-Time Interval Bipartite Con.pdf,OK,
2368,Yang 等 - 2021 - Formation tracking of nonholonomic systems on the special euclidean group under fixed and switching.pdf,OK,
2369,Chan 等 - 2021 - Angle-Constrained Formation Control for Circular M.pdf,OK,
2370,González-Sierra 等 - 2021 - Robust circumnavigation of a heterogeneous multi-agent system.pdf,OK,
2371,Ghommam 等 - 2021 - Finite-time circular formation around a moving target with multiple underactuated ODIN vehicles.pdf,OK,
2372,Hajshirmohamadi 等 - 2021 - Observer-Based Leader-Following Consensus for Linear Multiagent Systems With a Leader of Unknown Inp.pdf,OK,
2373,Shi 等 - 2021 - Distributed circumnavigation control of autonomous.pdf,OK,
2374,Wang 等 - 2021 - Zero-Error Consensus Tracking With Preassignable C.pdf,OK,
2375,Wang 等 - 2021 - Stationary target localization and circumnavigation by a non‐holonomic differentially driven mobile .pdf,OK,
2376,Peng 等 - 2021 - Event-Triggered Dynamic Surface Control of an Unde.pdf,OK,
2377,Duhé 等 - 2021 - ContribUtions on Artificial Potential Field Method.pdf,OK,
2378,Raza 等 - 2021 - An UAV-assisted VANET architecture for intelligent transportation system in smart cities.pdf,OK,
2379,Li 等 - 2021 - Containment control of multi-agent systems with in.pdf,OK,
2380,Wang 等 - 2021 - Predefined Finite-Time Output Containment of Nonlinear Multi-Agent Systems With Leaders of Unknown I.pdf,OK,
2381,Xiao和Philip Chen - 2021 - Time-varying Nonholonomic Robot Consensus Formation Using Model Predictive Based Protocol With Switc.pdf,OK,
2382,Yuan 等 - 2021 - Sliding-mode-observer-based time-varying formation tracking for multispacecrafts subjected to switch.pdf,OK,
2383,Zhang et al_2021_Bio-Inspired Approach for Long-Range Underwater Navigation Using Model.pdf,OK,
2384,Huang 等 - 2021 - Hierarchical predefined-time control for time-varying formation tracking of multiple heterogeneous e.pdf,OK,
2385,Zou 等 - 2021 - Distributed localization and circumnavigation algorithms for a multiagent system with persistent and.pdf,OK,
2386,Zhao 等 - 2013 - Distributed finite-time tracking control for multi-agent systems An observer-based approach.pdf,OK,
2387,Hong 等 - 2013 - Distributed output regulation of leader–follower multi-agent systems.pdf,OK,
2388,Peng 等 - 2013 - Adaptive Dynamic Surface Control for Formations of Autonomous Surface Vehicles With Uncertain Dynami.pdf,OK,
2389,Sun 等 - 2013 - A novel tracking control approach for unmanned und.pdf,OK,
2390,Guo和Zhao - 2013 - Weak Convergence of Nonlinear High-Gain Tracking Differentiator.pdf,OK,
2391,Ghommam 等 - 2013 - Robust formation control without velocity measurem.pdf,OK,
2392,Wang 等 - 2013 - Wheeled Mobile Robot Tracking Control without Velocity Measurement.pdf,OK,
2393,Asadi 等 - 2013 - Distributed control of multi-agent systems with ro.pdf,OK,
2394,Li和Wang - 2013 - Finite-time consensus and collision avoidance control algorithms for multiple AUVs.pdf,OK,
2395,Su和Huang - 2013 - Cooperative global output regulation of heterogeneous second-order nonlinear uncertain multi-agent s.pdf,OK,
2396,Jean - 2014 - Control of Nonholonomic Systems from Sub-Riemanni.pdf,OK,
2397,Zhang 等 - 2014 - Distributed Concurrent Targeting for Linear Arrays.pdf,OK,
2398,Bogojeska 等 - 2014 - Synchronization and Consensus in State-Dependent Networks.pdf,OK,
2399,2399.md,OK,
2400,Wang 等 - 2014 - Distributed adaptive control for consensus trackin.pdf,OK,
2401,Wen 等 - 2014 - Consensus Tracking of Multi-Agent Systems With Lipschitz-Type Node Dynamics and Switching Topologies.pdf,OK,
2402,Chen 等 - 2014 - Tracking control of nonholonomic mobile robots with velocity and acceleration constraints.pdf,OK,
2403,Deghat 等 - 2014 - Localization and circumnavigation of a slowly moving target using bearing measurements.pdf,OK,
2404,Brinon-Arranz 等 - 2014 - Cooperative Control Design for Time-Varying Format.pdf,OK,
2405,Zhang 等 - 2014 - Finite-time observers for multi-agent systems without velocity measurements and with input saturatio.pdf,OK,
2406,Zuo 等 - 2014 - Fixed-time consensus for multi-agent systems under directed and switching interaction topology.pdf,OK,
2407,Dong和Huang - 2014 - Leader-following connectivity preservation rendezvous of multiple double integrator systems based on.pdf,OK,
2408,Li 等 - 2014 - Output regulation distributed formation control fo.pdf,OK,
2409,Su和Huang - 2014 - Cooperative robust output regulation of a class of heterogeneous linear uncertain multi-agent system.pdf,OK,
2410,Chen 等 - 2015 - Distributed average tracking for reference signals with bounded accelerations.pdf,OK,
2411,Klotz 等 - 2015 - Asymptotic Synchronization of a Leader-Follower Ne.pdf,OK,
2412,Perizzato 等 - 2015 - Formation control and collision avoidance of unicy.pdf,OK,
2413,Li et al_2015_Containment control of linear multi-agent systems with multiple leaders of.pdf,OK,
2414,Zheng 等 - 2015 - Distributed control for uniform circumnavigation o.pdf,OK,
2415,Li 等 - 2015 - Coordinated multi-robot target hunting based on extended cooperative game.pdf,OK,
2416,Haghshenas 等 - 2015 - Containment control of heterogeneous linear multi-.pdf,OK,
2417,Bernuau 等 - 2015 - Robust finite-time output feedback stabilisation of the double integrator.pdf,OK,
2418,Zhao - 2015 - Distributed finite-time tracking for a multi-agent.pdf,OK,
2419,Li 等 - 2015 - Designing Fully Distributed Consensus Protocols for Linear Multi-Agent Systems With Directed Graphs.pdf,OK,
2420,Su和Zheng - 2015 - Robust finite-time output feedback control of perturbed double integrator.pdf,OK,
2421,Zhao 和 Duan - 2015 - Finite-time containment control without velocity a.pdf,OK,
2422,Driessen - 2015 - ObserverController With Global Practical Stability for Tracking in Robots Without Velocity Measurem.pdf,OK,
2423,陈 等 - 2016 - 二阶有向多智能体网络的可控包含控制.pdf,OK,
2424,Du 等 - 2015 - Finite-time consensus of multiple nonholonomic chained-form systems based on recursive distributed o.pdf,OK,
2425,地面无人系统的多智能体协同控制研究综述.pdf,OK,
2426,Li 等 - 2016 - Multi-group coordination control of multi-agent sy.pdf,OK,
2427,Chu 等 - 2016 - Distributed adaptive containment control of heterogeneous linear multi‐agent systems An output regu.pdf,OK,
2428,Wen 等 - 2016 - Observer-based consensus of second-order multi-agent systems without velocity measurements.pdf,OK,
2429,Asadi 等 - 2016 - Distributed control of a network of single integra.pdf,OK,
2430,Matveev 等 - 2016 - Range-only based circumnavigation of a group of moving targets by a non-holonomic mobile robot.pdf,OK,
2431,Wen et al_2016_Containment of Higher-Order Multi-Leader Multi-Agent Systems.pdf,OK,
2432,Yu_Liu_2016_Distributed Formation Control of Nonholonomic Vehicles Subject to Velocity.pdf,OK,
2433,Jithu 和 Jayasree - 2016 - Quadrotor modelling and control.pdf,OK,
2434,Adib Yaghmaie 等 - 2016 - Output regulation of linear heterogeneous multi-agent systems via output and state feedback.pdf,OK,
2435,Fu和Wang - 2016 - Observer-based finite-time coordinated tracking for general linear multi-agent systems.pdf,OK,
2436,Santiaguillo-Salinas和Aranda-Bricaire - 2016 - A time-varying version of the containment problem for multi-agent systems using general formation gr.pdf,OK,
2437,11612735_1.pdf,OK,
2438,Fahimi - 2006 - Sliding mode formation control for under-actuated autonomous surface vehicles.pdf,OK,
2439,Zhiqiang Cao 等 - 2006 - Cooperative hunting by distributed mobile robots b.pdf,OK,
2440,Voos_2006_Nonlinear state-dependent Riccati equation control of a quadrotor UAV.pdf,OK,
2441,Wu 等 - 2007 - Consensus based formation control and trajectory tracing of multi-agent robot systems.pdf,OK,
2442,Sepulchre 等 - 2007 - Stabilization of Planar Collective Motion All-to-.pdf,OK,
2443,Ji和Egerstedt - 2007 - Distributed coordination control of multiagent systems while preserving connectedness.pdf,OK,
2444,Do - 2007 - Bounded Controllers for Formation Stabilization of.pdf,OK,
2445,Fahimi - 2007 - Non-linear model predictive formation control for groups of autonomous surface vessels.pdf,OK,
2446,Anderson 等 - 2008 - UAV Formation Control Theory and Application.pdf,OK,
2447,"Andrieu 等 - 2008 - Homogeneous approximation, recursive observer design, and output feedback.pdf",OK,
2448,Ceccarelli 等 - 2008 - Collective circular motion of multi-vehicle systems.pdf,OK,
2449,Patre 等 - 2008 - Asymptotic tracking for uncertain dynamic systems via a multilayer neural network feedforward and RI.pdf,OK,
2450,Wu 等 - 2009 - A Distributed Multi-Robot Cooperative Hunting Algorithm Based on Limit-cycle.pdf,OK,
2451,Ma 等 - 2009 - A multi-robot coordinated hunting strategy with dynamic alliance.pdf,OK,
2452,Dong_Farrell_2009_Decentralized cooperative control of multiple nonholonomic dynamic systems with.pdf,OK,
2453,Dierks 和 Jagannathan - 2009 - Neural Network Control of Mobile Robot Formations .pdf,OK,
2454,Li 等 - 2009 - Multi-robot Cooperative Pursuit Based on Association Rule Data Mining.pdf,OK,
2455,Cao 和 Ren - 2009 - Containment control with multiple stationary or dy.pdf,OK,
2456,Polyakov和Poznyak - 2009 - Reaching time estimation for “super-twisting” second order sliding mode controller via lyapunov func.pdf,OK,
2457,Sharma 等 - 2010 - Cooperative target-capturing with inaccurate targe.pdf,OK,
2458,Cao et al_2010_Distributed containment control for double-integrator dynamics.pdf,OK,
2459,"Fei Chen 等 - 2010 - Multi-agent coordination with cohesion, dispersion.pdf",OK,
2460,Li和Zhang - 2010 - Consensus Conditions of Multi-Agent Systems With Time-Varying Topologies and Stochastic Communicatio.pdf,OK,
2461,Deghat 等 - 2010 - Target localization and circumnavigation using bearing measurements in 2D.pdf,OK,
2462,Imae 等 - 2010 - Towards consensus in networked non-holonomic syste.pdf,OK,
2463,Cao et al_2011_Distributed Containment Control for Multiple Autonomous Vehicles With.pdf,OK,
2464,Chen 等 - 2011 - Finite-time distributed consensus via binary control protocols.pdf,OK,
2465,Matveev 等 - 2011 - Range-only measurements based target following for wheeled mobile robots.pdf,OK,
2466,Jianjun Ni 和 Yang - 2011 - Bioinspired Neural Network for Real-Time Cooperati.pdf,OK,
2467,Zheng 等 - 2011 - Consensus of heterogeneous multi-agent systems.pdf,OK,
2468,Do - 2011 - Flocking for Multiple Elliptical Agents With Limit.pdf,OK,
2469,Do - 2012 - Coordination control of multiple ellipsoidal agent.pdf,OK,
2470,Dong - 2012 - Tracking Control of Multiple-Wheeled Mobile Robots.pdf,OK,
2471,Li 等 - 2012 - Distributed Containment Control with Multiple Dyna.pdf,OK,
2472,2472.md,OK,
2473,Asadi 等 - 2012 - Cooperative control of multi-agent systems with li.pdf,OK,
2474,Cao et al_2012_Distributed containment control with multiple stationary or dynamic leaders in.pdf,OK,
2475,Guan 等 - 2012 - Finite-Time Consensus for Leader-Following Second-Order Multi-Agent Networks.pdf,OK,
2476,Do - 2012 - Formation control of multiple elliptical agents wi.pdf,OK,
2477,Nighot 等 - 2012 - Multi-robot hunting based on Swarm Intelligence.pdf,OK,
2478,张晓广_2021_多智能体系统编队跟踪控制.pdf,OK,
2479,Ren - 2021 - Averaging Algorithms and Consensus.pdf,OK,
2480,Zeng和Ji - 2021 - Finite-Time Output Consensus for Nonlinear Multi-Agent Systems under Directed Graph.pdf,OK,
2481,Zhao 等 - 2021 - Network Topologies of Multi-agent Systems An Overview.pdf,OK,
2482,刘日_2022_基于一致性理论的同构-异构系统时变编队控制.pdf,OK,
2483,张捷_2022_基于输出调节的多智能体系统协同容错控制研究.pdf,OK,
2484,周 - 2022 - 编队飞行航天器合围控制方法研究.pdf,OK,
2485,"Martins 和 Bertol - 2022 - Wheeled Mobile Robot Control Theory, Simulation, .pdf",OK,
2486,Lippi 等 - 2022 - Finite-Time Distributed Protocol for Tracking the Upper (Lower) Bound For a Set of Time-Varying Refe.pdf,OK,
2487,Alp Merzi 等 - 2022 - Target Capturing in an Ellipsoidal Region with a S.pdf,OK,
2488,Di Rosa 等 - 2022 - Sliding mode acceleration estimation for safe vehicular cooperative adaptive cruise control.pdf,OK,
2489,Chen 等 - 2022 - Predefined-Time Tracking Control for Second-Order Leader-Following Multi-Agent Systems via Prescribe.pdf,OK,
2490,马 - 2023 - 异构多无人机自主集群算法研究.pdf,OK,
2491,张 - 2023 - 滑模抗干扰控制若干理论研究.pdf,OK,
2492,Liu 等 - 2023 - Design and Implementation Based on Backstepping for Tracking Control of Nonholonomic Mobile Robots.pdf,OK,
2493,Yao 等 - 2023 - Fully distributed multi-UAV cooperative hunting with external disturbance.pdf,OK,
2494,Yang 等 - 2023 - Distributed Average Tracking for Heterogeneous Multiple UAV Systems with Actuator Faults.pdf,OK,
2495,Yu 等 - 2023 - Time-Varying Formation Tracking Control for Nonlinear Swarm Systems.pdf,OK,
2496,Carolis et al_2023_A Swarm-Based Distributed Algorithm for Target Encirclement with Application to.pdf,OK,
2497,Yu 等 - 2023 - Application of extended game in multi-UUV pursuit-escape task.pdf,OK,
2498,Zhang 等 - 2023 - UUV target tracking method based on high order CGHF algorithm.pdf,OK,
2499,Lazri 等 - 2023 - Robust leader-follower formation control of autonomous vehicles with unknown leader velocities.pdf,OK,
2500,Kang 等 - 2023 - Prescribed-Time Observer-Based Consensus Control for Nonlinear Leader-Following Multi-Agent Systems.pdf,OK,
2501,Li 等 - 2023 - Distributed Robust Fixed-Time Dynamic Average Consensus Protocol for Networked Agents.pdf,OK,
2502,Cao和Zhao - 2023 - Robust Dynamic Average Consensus with Bounded Reference Signals Under Directed Networks.pdf,OK,
2503,Sarkar - 2023 - Sliding Mode Controller for Robust Consensus Control of Multirobot System.pdf,OK,
2504,朱 - 2024 - 基于输出反馈的若干非光滑控制理论与应用研究.pdf,OK,
2505,Levant - 2005 - Homogeneity approach to high-order sliding mode design.pdf,OK,
2506,Levant - 2007 - Principles of 2-sliding mode design.pdf,OK,
2507,Gao 等 - 2023 - Distributed Prescribed-Time Consensus Tracking for Heterogeneous Nonlinear Multi-Agent Systems Under.pdf,OK,
2508,Liu 等 - 2022 - An Overview of FiniteFixed-Time Control and Its Application in Engineering Systems.pdf,OK,
2509,Lewis 等 - 2012 - Reinforcement Learning and Feedback Control Using Natural Decision Methods to Design Optimal Adapti.pdf,OK,
2510,"Taheri和Zhao - 2020 - Omnidirectional mobile robots, mechanisms and navigation approaches.pdf",OK,
2511,Ren和Sorensen - 2008 - Distributed coordination architecture for multi-robot formation control.pdf,OK,
2512,Isidori 等 - 2003 - Robust Autonomous Guidance.pdf,OK,
2513,Saberi 等 - 2000 - Control of Linear Systems with Regulation and Input Constraints.pdf,OK,
2514,Chen和Huang - 2015 - Stabilization and Regulation of Nonlinear Systems A Robust and Adaptive Approach.pdf,OK,
2515,2004Nonlinear output regulation the - Jie Huang.pdf,OK,
2516,"Gao 等 - 2019 - Cooperative Localization and Navigation Theory, Research, and Practice.pdf",OK,
2517,Beckenbach和Bellman - 1961 - Inequalities.pdf,OK,
2518,"Levine - 2018 - The Control Handbook Control System Applications, Second Edition.pdf",OK,
2519,Cheng 等 - 2010 - Analysis and Design of Nonlinear Control Systems.pdf,OK,
2520,Agrachev 等 - 2008 - Nonlinear and Optimal Control Theory.pdf,OK,
2521,Nonlinear Control Systems II (Alberto Isidori) (Z-Library).pdf,OK,
2522,Nonlinear Control Systems(Alberto Isidori).pdf,OK,
2523,Dieci和Lopez - 2009 - Sliding motion in filippov differential systems theoretical results and a computational approach.pdf,OK,
2524,LEVANT - 1993 - Sliding order and sliding accuracy in sliding mode control.pdf,OK,
2525,Matveev 等 - 2016 - Introduction.pdf,OK,
2526,Bernuau 等 - 2014 - On homogeneity and its application in sliding mode control.pdf,OK,
2527,Levant和Livne - 2016 - Weighted homogeneity and robustness of sliding mode control.pdf,OK,
2528,Yu 等 - 2021 - Terminal Sliding Mode Control – An Overview.pdf,OK,
2529,Li 等 - 2018 - Advances in Variable Structure Systems and Sliding Mode Control—Theory and Applications.pdf,OK,
2530,Utkin 等 - 2020 - Conventional and high order sliding mode control.pdf,OK,
2531,蒲 等 - 2011 - 高阶滑模微分器的分析与改进.pdf,OK,
2532,Fomichev和Vysotskii - 2023 - Stability Criterion and Sharp Estimates for the “Super-Twisting” Algorithm.pdf,OK,
2533,Shtessel 等 - 2014 - Sliding Mode Control and Observation.pdf,OK,
2534,Gómez-Gutiérrez 等 - 2023 - An arbitrary-order exact differentiator with predefined convergence time bound for signals with expo.pdf,OK,
2535,Aldana-López 等 - 2023 - A redesign methodology generating predefined-time differentiators with bounded time-varying gains.pdf,OK,
2536,Moreno - 2017 - Levant’s Arbitrary Order Differentiator with Varying Gain.pdf,OK,
2537,Basin 等 - 2017 - Finite- and fixed-time differentiators utilising HOSM techniques.pdf,OK,
2538,Levant 等 - 2017 - Sliding-Mode-Based Differentiation and Its Application.pdf,OK,
2539,Bhat和Bernstein - 2005 - Geometric homogeneity with applications to finite-time stability.pdf,OK,
2540,Ding 等 - 2016 - Simple homogeneous sliding-mode controller.pdf,OK,
2541,Cohen和Agmon - 2021 - Recent Advances in Formations of Multiple Robots.pdf,OK,
2542,Ge 等 - 2017 - Distributed networked control systems A brief overview.pdf,OK,
2543,Liang和Zhang - 2019 - Cooperative Tracking Control and Regulation for a Class of Multi-agent Systems.pdf,OK,
2544,Zuo 等 - 2019 - Fixed-Time Cooperative Control of Multi-Agent Systems.pdf,OK,
2545,Xia 等 - 2019 - Finite Time and Cooperative Control of Flight Vehicles.pdf,OK,
2546,Li - Cooperative Control of Multi-Agent Systems A Consensus Region Approach.pdf,OK,
2547,Wu - 2019 - Cooperative Guidance & Control of Missiles Autonomous Formation.pdf,OK,
2548,2017 - Time-Critical Cooperative Control of Autonomous Air Vehicles.pdf,OK,
2549,Abdessameud和Tayebi - 2013 - Motion Coordination for VTOL Unmanned Aerial Vehicles Attitude Synchronisation and Formation Contro.pdf,OK,
2550,"Ren和Cao - 2011 - Distributed Coordination of Multi-agent Networks Emergent Problems, Models, and Issues.pdf",OK,
2551,Cortes - 2008 - Discontinuous dynamical systems.pdf,OK,
2552,Orlov和Aguilar - 2014 - Advanced H∞ Control Towards Nonsmooth Theory and Applications.pdf,OK,
2553,Han 等 - 2016 - Theory of Control Systems Described by Differential Inclusions.pdf,OK,
2554,Dong 等 - 2018 - An internal model approach for multi-agent rendezvous and connectivity preservation with nonlinear d.pdf,OK,
2555,Wen 等 - 2020 - Pinning a Complex Network to Follow a Target System With Predesigned Control Inputs.pdf,OK,
2556,Lin 等 - 基于群体熵度量的无人机集群目标合围控制.pdf,OK,
2557,Bao 等 - 2022 - Recent advances on cooperative control of heterogeneous multi-agent systems subject to constraints.pdf,OK,
2558,Chen 等 - 2023 - Target enclosing control of multiple unmanned aerial vehicles based on crowd entropy.pdf,OK,
2559,Wang 等 - 2023 - Formation-containment tracking intelligent control for heterogeneous swarm systems under unknown inp.pdf,OK,
2560,Long - 2024 - Model-independent event-based consensus of multiple euler-lagrange systems with input disturbances.pdf,OK,
2561,Murtaugh 和 Criel - 1966 - Fundamentals of proportional navigation.pdf,OK,
2562,Ho 等 - 1965 - Differential games and optimal pursuit-evasion strategies.pdf,OK,
2563,Yamamoto_Yun_1992_Coordinating locomotion and manipulation of a mobile manipulator.pdf,OK,
2564,Campion et al_1991_Modelling and state feedback control of nonholonomic mechanical systems.pdf,OK,
2565,Yamaguchi - 1997 - Adaptive formation control for distributed autonomous mobile robot groups.pdf,OK,
2566,Levant - 1999 - Variable measurement step in 2-sliding control.pdf,OK,
2567,Xian 等 - 2003 - A continuous asymptotic tracking control strategy for uncertain multi-input nonlinear systems.pdf,OK,
2568,Qu和Xu - 2002 - Model-based learning controls and their comparisons using lyapunov direct method.pdf,OK,
2569,Orlov - 2004 - Finite time stability and robust control synthesis of uncertain switched systems.pdf,OK,
2570,Ibrir - 2004 - Linear time-derivative trackers.pdf,OK,
2571,Xian 等 - 2004 - A continuous control mechanism for uncertain nonlinear systems.pdf,OK,
2572,Xian 等 - 2004 - A continuous asymptotic tracking control strategy for uncertain nonlinear systems.pdf,OK,
2573,Hu 等 - 2004 - Stabilization of uncertain nonholonomic systems via time-varying sliding mode control.pdf,OK,
2574,Belkhouche 等 - 2005 - Multi-robot Hunting Behavior.pdf,OK,
2575,Marshall 等 - 2004 - Formations of Vehicles in Cyclic Pursuit.pdf,OK,
2576,Chen - 2023 - LaSalle–yoshizawa theorem for nonlinear systems with external inputs a counter-example.pdf,OK,
2577,预见控制理论及应用研究进展 (1).pdf,OK,
2578,Wang 等 - 2024 - Robust predefined output containment for heterogeneous nonlinear multiagent systems under unknown no.pdf,OK,
2579,Trinh 等 - 2018 - Bearing-based formation control of a group of agents with leader-first follower structure.pdf,OK,
2580,Krick 等 - 2008 - Stabilization of infinitesimally rigid formations of multi-robot networks.pdf,OK,
2581,Mou 等 - 2016 - Undirected rigid formations are problematic.pdf,OK,
2582,Lawrence 等 - 2008 - Lyapunov vector fields for autonomous unmanned aircraft flight control.pdf,OK,
2583,Yao 等 - 2019 - Distributed static and dynamic circumnavigation control with arbitrary spacings for a heterogeneous.pdf,OK,
2584,Litimein 等 - 2021 - A survey on techniques in the circular formation of multi-agent systems.pdf,OK,
2585,Hsu 等 - 2002 - Unit vector control of multivariable systems.pdf,OK,
2586,Battistel和Oliveira - 2021 - Unit vector control of an unbalanced three-axis gimbal for application to inertially stabilized plat.pdf,OK,
2587,Hsu 等 - 2019 - Adaptive unit vector control of multivariable systems using monitoring functions.pdf,OK,
2588,Rodrigues 等 - 2023 - Unit vector control with prescribed performance via monitoring and barrier functions.pdf,OK,
2589,Ashari - 2004 - Sliding-mode control of active suspension systems unit vector approach.pdf,OK,
2590,Plestan 等 - 2010 - New methodologies for adaptive sliding mode control.pdf,OK,
2591,Utkin和Poznyak - 2013 - Adaptive sliding mode control with application to super-twist algorithm equivalent control method.pdf,OK,
2592,Ghapani 等 - 2016 - Fully distributed flocking with a moving leader for lagrange networks with parametric uncertainties.pdf,OK,
2593,Second-order sliding-mode differentiators  an experimental comparative analysis using Van der Pol oscillator.pdf,OK,
2594,Yamaguchi - 1998 - A cooperative hunting behavior by mobile robot troops.pdf,OK,
2595,Hyondong Oh 等 - 2015 - Coordinated standoff tracking of moving target groups using multiple UAVs.pdf,OK,
2596,Pothen和Ratnoo - 2017 - Curvature-constrained lyapunov vector field for standoff target tracking.pdf,OK,
2597,Frew 等 - 2008 - Coordinated standoff tracking of moving targets using lyapunov guidance vector fields.pdf,OK,
2598,Wang和Xie - 2017 - Limit-cycle-based decoupled design of circle formation control with collision avoidance for anonymou.pdf,OK,
2599,Dong 等 - 2020 - Target encirclement with any smooth pattern using range-based measurements.pdf,OK,
2600,Tripathy和Shima - 2024 - On convergence results for nonlinear cyclic pursuit strategies.pdf,OK,
2601,Paden和Sastry - 1987 - A calculus for computing filippov's differential inclusion with application to the variable structur.pdf,OK,
2602,Fischer 等 - 2013 - LaSalle-yoshizawa corollaries for nonsmooth systems.pdf,OK,
2603,Shevitz和Paden - 1994 - Lyapunov stability theory of nonsmooth systems.pdf,OK,
2604,2604.md,OK,
2605,Cao 等 - 2021 - Safe convex-circumnavigation of one agent around m.pdf,OK,
2606,Wang 等 - 2020 - Limit-Cycle-Based Design of Formation Control for .pdf,OK,
2607,Yu 和 Liu - 2016 - Distributed circular formation control of ring-net.pdf,OK,
2608,Mu 等 - 2023 - A survey of the pursuit–evasion problem in swarm i.pdf,OK,
2609,Dong_Hu_2017_Time-Varying Formation Tracking for Linear Multiagent Systems With Multiple.pdf,OK,
2610,Dong et al_2017_Distributed Time-Varying Formation Tracking Analysis and Design for.pdf,OK,
2611,Do - 2008 - Formation Tracking Control of Unicycle-Type Mobile.pdf,OK,
2612,Yamaguchi - 2003 - A distributed motion coordination strategy for mul.pdf,OK,
2613,Polyakov - 2023 - Generalized homogeneous unit control.pdf,OK,
2614,Peixoto 等 - 2005 - Unit vector control of uncertain multivariable nonlinear systems.pdf,OK,
2615,Polyakov - 2024 - Homogeneous unit sliding mode control.pdf,OK,
2616,2616.md,OK,
2617,Sinha和Cao - 2022 - Nonlinear guidance law for target enclosing with arbitrary smooth shapes.pdf,OK,
2618,Sinha和Cao - 2023 - Three-dimensional guidance law for target enclosing within arbitrary smooth shapes.pdf,OK,
2619,Dou 等 - 2020 - Target localization and enclosing control for netw.pdf,OK,
2620,Smith 等 - 2005 - A hierarchical cyclic pursuit scheme for vehicle networks.pdf,OK,
2621,Wang 等 - 2024 - Target circumnavigation of mobile robots using range-only measurements.pdf,OK,
2622,Chen 等 - 2016 - Multi-player pursuit–evasion games with one superior evader.pdf,OK,
2623,Xiao 等 - 2012 - Connectivity preservation for multi-agent rendezvous with link failure.pdf,OK,
2624,Su - 2015 - Leader-following rendezvous with connectivity preservation and disturbance rejection via internal mo.pdf,OK,
2625,Razafindralambo和Simplot-Ryl - 2011 - Connectivity preservation and coverage schemes for wireless sensor networks.pdf,OK,
2626,Xue 等 - 2021 - Connectivity preservation and collision avoidance control for spacecraft formation flying in the pre.pdf,OK,
2627,Feng 等 - 2017 - Robust connectivity preserving rendezvous of multirobot systems under unknown dynamics and disturban.pdf,OK,
2628,Wen 等 - 2012 - A connectivity-preserving flocking algorithm for multi-agent dynamical systems with bounded potentia.pdf,OK,
2629,Restrepo 等 - 2021 - Edge-based strict lyapunov functions for consensus with connectivity preservation over directed grap.pdf,OK,
2630,Park和Yoo - 2019 - An error transformation approach for connectivity-preserving and collision-avoiding formation tracki.pdf,OK,
2631,Poonawala 等 - 2015 - Collision-free formation control with decentralized connectivity preservation for nonholonomic-wheel.pdf,OK,
2632,Ajorlou和Aghdam - 2013 - Connectivity preservation in nonholonomic multi-agent systems a bounded distributed control strateg.pdf,OK,
2633,Feng 等 - 2018 - Distributed coordination of multiple unknown euler-lagrange systems.pdf,OK,
2634,Chen 等 - 2023 - Leader-following connectivity-preserving consensus of multiple euler–lagrange systems with disturban.pdf,OK,
2635,Ngo和Liu - 2022 - Synchronization control for multiple euler–lagrange systems in leader–follower framework under switc.pdf,OK,
2636,Zhao 等 - 2015 - Distributed finite-time tracking of multiple euler-lagrange systems without velocity measurements D.pdf,OK,
2637,Ye 等 - 2019 - Leader tracking of euler–lagrange agents on directed switching networks using a model-independent al.pdf,OK,
2638,Cai和Huang - 2014 - Leader-following consensus of multiple uncertain euler–lagrange systems under switching network topo.pdf,OK,
2639,Li 等 - 2018 - Finite-time leader-following rendezvous for euler–lagrange multi-agent systems with an uncertain lea.pdf,OK,
2640,Li 等 - 2023 - Leader-following consensus of multiple uncertain euler–lagrange systems under denial-of-service atta.pdf,OK,
2641,Wang和Huang - 2019 - Adaptive leader-following consensus for multiple euler–lagrange systems with an uncertain leader sys.pdf,OK,
2642,Dong和Huang - 2017 - Leader-following consensus with connectivity preservation of uncertain euler–lagrange multi-agent sy.pdf,OK,
2643,Lu和Liu - 2019 - Leader–following consensus of multiple uncertain euler–lagrange systems with unknown dynamic leader.pdf,OK,
2644,Abdessameud 等 - 2015 - On the leader-follower synchronization of euler-lagrange systems.pdf,OK,
2645,Young 等 - 1999 - A control engineer's guide to sliding mode control.pdf,OK,
2646,Wu和Xu - 2022 - Trajectory tracking control of euler-lagrange systems with ISS-like robustness to actuator noises.pdf,OK,
2647,Mei 等 - 2011 - Distributed coordinated tracking with a dynamic leader for multiple euler-lagrange systems.pdf,OK,
2648,Abdessameud 等 - 2017 - Leader-follower synchronization of euler-lagrange systems with time-varying leader trajectory and co.pdf,OK,
2649,Liu 等 - 2019 - Event-triggered algorithms for leader–follower consensus of networked euler–lagrange agents.pdf,OK,
2650,Gutman - Uncertain dynamical systems--a lyapunov min-max approach.pdf,OK,
2651,Alessandri和Rossi - 2013 - Time-varying increasing-gain observers for nonlinear systems.pdf,OK,
2652,Vázquez 等 - Time-varying gain differentiator a mobile hydraulic system case study.pdf,OK,
2653,Kalsi 等 - 2010 - Sliding-mode observers for systems with unknown inputs a high-gain approach.pdf,OK,
2654,Veluvolu和Yeng Chai Soh - 2009 - High-gain observers with sliding mode for state and unknown input estimations.pdf,OK,
2655,Ji 等 - 2023 - Distributed extended high-gain observers for the generalized strict-feedback system.pdf,OK,
2656,Du 等 - 2020 - Distributed fixed-time consensus for nonlinear heterogeneous multi-agent systems.pdf,OK,
2657,Moreno和Fridman - 2023 - A survey on high-order sliding-mode control design using lyapunov functions.pdf,OK,
2658,Livne和Levant - 2014 - Proper discretization of homogeneous differentiators.pdf,OK,
2659,Reichhartinger 等 - 2018 - Special issue on differentiators.pdf,OK,
2660,Spurgeon - 2008 - Sliding mode observers a survey.pdf,OK,
2661,Utkin 等 - 2020 - Road map for sliding mode control design.pdf,OK,
2662,Steinberger 等 - 2020 - Variable-structure systems and sliding-mode control from theory to practice.pdf,OK,
2663,Astolfi 等 - 2018 - Low-power peaking-free high-gain observers.pdf,OK,
2664,2009 - Discontinuous Systems.pdf,OK,
2665,Tabuada - 2007 - Event-triggered real-time scheduling of stabilizing control tasks.pdf,OK,
2666,Utkin - 2015 - Brief comments for the continuation method by A.F. filippov for solution continuation on a discontin.pdf,OK,
2667,Utkin - 2022 - Brief comments for doubts in filippov method.pdf,OK,
2668,Ren和Chen - 2015 - Sliding mode leader-following consensus controllers for second-order non-linear multi-agent systems.pdf,OK,
2669,LaSalle - 1968 - Stability theory for ordinary differential equations.pdf,OK,
2670,Blázovics 等 - 2012 - Target surrounding solution for swarm robots.pdf,OK,
2671,Clarke - 1990 - Optimization and nonsmooth analysis.pdf,OK,
2672,Lin 等 - 2016 - A graph laplacian approach to coordinate-free formation stabilization for directed networks.pdf,OK,
2673,Restrepo 等 - 2022 - Stability and robustness of edge-agreement-based consensus protocols for undirected proximity graphs.pdf,OK,
2674,Kamel 等 - 2020 - Formation control and coordination of multiple unmanned ground vehicles in normal and faulty situati.pdf,OK,
2675,Differential Equations with Discontinuous Righthand Sides Control Systems (Mathematics and its Applications) (A.F. Filippov) (Z-Library).pdf,OK,
2676,Rouche 等 - 1977 - Stability theory by liapunov’s direct method.pdf,OK,
2677,Olfati-Saber和Murray - 2004 - Consensus problems in networks of agents with switching topology and time-delays.pdf,OK,
2678,Hui和Haddad - 2008 - Distributed nonlinear control algorithms for network consensus.pdf,OK,
2679,2679.md,OK,
2680,李陈最_2020_异构多智能体系统的协作编队控制方法研究.pdf,OK,
2681,陆佩芬_2020_几类非完整约束移动机器人集群分布式协同控制研究.pdf,OK,
2682,Chen和Ren - 2020 - Distributed average tracking in multi-agent systems.pdf,OK,
2683,Polyakov - 2020 - Generalized Homogeneity in Systems and Control.pdf,OK,
2684,State-Dependent_LQR_Control_for_a_Tilt-Rotor_UAV.pdf,OK,
2685,Nekoo et al_2020_Fully Coupled Six-DoF Nonlinear Suboptimal Control of a Quadrotor.pdf,OK,
2686,2020 - Consensus Tracking of Multi-Agent Systems with Switching Topologies.pdf,OK,
2687,Mahmoud - 2020 - Multiagent Systems Introduction and Coordination Control.pdf,OK,
2688,Shi 等 - 2020 - Distributed control of cooperative multi-target en.pdf,OK,
2689,Chen 等 - 2020 - Multi - mobile robot leader -follower formation distributed control under switching topology.pdf,OK,
2690,Ju et al_2020_Path Planning Using Artificial Potential Field Method And A-star Fusion.pdf,OK,
2691,Hamed和Hamlich - 2020 - Improvised multi-robot cooperation strategy for hunting a dynamic target.pdf,OK,
2692,Wu 等 - 2020 - Distributed Concurrent Targeting of Point Source Queues.pdf,OK,
2693,王健_2021_间歇通信及输入受限下多自主体系统协同控制.pdf,OK,
2694,王浩_2021_具有未知扰动的非线性多智能体系统自适应编队控制研究.pdf,OK,
2695,徐 - 2021 - 多智能体系统的分布式合围控制.pdf,OK,
2696,徐 - 2021 - 基于仿射变换的多智能体系统分布式编队控制技术研究.pdf,OK,
2697,Li 等 - 2016 - A research on air posture adjustment of flying squirrel inspired gliding robot.pdf,OK,
2698,Lingqing 等 - 2018 - Gliding pitch control model of bionic flying squirrel robot.pdf,OK,
2699,Shin 等 - 2019 - Development and experiments of a bio-inspired robot with multi-mode in aerial and terrestrial locomo.pdf,OK,
2700,Levant和Livne - 2018 - Globally convergent differentiators with variable gains.pdf,OK,
2701,Seeber和Horn - 2018 - Necessary and sufficient stability criterion for the super-twisting algorithm.pdf,OK,
2702,Orlov 等 - 2011 - Finite time stabilization of a perturbed double integrator—part I continuous sliding mode-based out.pdf,OK,
2703,Utkin - 2013 - On Convergence Time and Disturbance Rejection of Super-Twisting Control.pdf,OK,
2704,Moreno - 2012 - Lyapunov approach for analysis and design of second order sliding mode algorithms.pdf,OK,
2705,Colotti 等 - 2022 - New convergence conditions for the super twisting algorithm with uncertain input gain.pdf,OK,
2706,Liu 等 - 2024 - Event-trigger-based adaptive barrier function higher-order global sliding mode control technique for.pdf,OK,
2707,González-Prieto - 2024 - Practical fixed-time non-singular sliding mode control of second order nonlinear dynamic systems wit.pdf,OK,
2708,Davila 等 - 2009 - Optimal lyapunov function selection for reaching time estimation of super twisting algorithm.pdf,OK,
2709,Torres-González 等 - 2017 - Design of continuous twisting algorithm.pdf,OK,
2710,Rocha 等 - 2022 - Robust finite-time stabilisation of an arbitrary-order nonholonomic system in chained form.pdf,OK,
2711,Cruz-Zavala和Moreno - 2017 - Homogeneous High Order Sliding Mode design A Lyapunov approach.pdf,OK,
2712,Sanchez和Moreno - 2014 - Lyapunov functions for Twisting and Terminal controllers.pdf,OK,
2713,Kamal 等 - 2014 - Higher order super-twisting algorithm.pdf,OK,
2714,Fraguela 等 - 2012 - Design of a prescribed convergence time uniform Ro.pdf,OK,
2715,孙 等 - 2023 - 切换拓扑下动态事件触发多智能体系统固定时间一致性.pdf,OK,
2716,非匹配扰动下的多智能体系统固定时间一致跟踪.pdf,OK,
2717,Levant - Robust Exact Diﬀerentiation via Sliding Mode Technique.pdf,OK,
2718,Edwards和Shtessel - 2016 - Adaptive dual-layer super-twisting control and observation.pdf,OK,
2719,于江龙 - 2022 - 拦截机动目标的分布式协同围捕制导方法.pdf,OK,
2720,Feng 等 - 2020 - Finite-time distributed convex optimization for continuous-time multiagent systems with disturbance.pdf,OK,
2721,Cai 等 - 2009 - A novel hierarchical decomposition for multi-player pursuit evasion differential game with superior.pdf,OK,
2722,Cheng和Yuan - 2022 - Adaptive multi-player pursuit–evasion games with unknown general quadratic objectives.pdf,OK,
2723,Li 等 - 2024 - Optimal strategies for pursuit-evasion differential games of players with damped double integrator d.pdf,OK,
2724,Li 等 - 2024 - An isochron-based solution to pursuit-evasion games of two heterogeneous players.pdf,OK,
2725,Li 等 - 2024 - Distributed task allocation with minimum makespan for heterogeneous multiplayer pursuit-evasion game.pdf,OK,
2726,多机器人自适应避障编队与围捕算法研究_冯莉萍.pdf,OK,
2727,崔 - 2022 - 多智能体对非合作目标的合围控制.pdf,OK,
2728,陈亚蕊_2022_混杂多智能体系统的包围控制.pdf,OK,
2729,基于领航--跟随者结构的移动机器人预设性能编队控制研究.pdf,OK,
2730,Jing 等 - 2017 - Consensus of Multiagent Systems With Distance-Dependent Communication Networks.pdf,OK,
2731,Wu 等 - 2025 - Velocity-free task-space regulator for robot manipulators with external disturbances.pdf,OK,
2732,Ibuki 等 - 2020 - Optimization-based distributed flocking control for multiple rigid bodies.pdf,OK,
2733,Xu 等 - 2025 - Distributed predefined-time algorithms for optimal solution seeking in multi-agent systems subject t.pdf,OK,
2734,Chen 等 - 2022 - Simultaneous localization and formation using angle-only measurements in 2D.pdf,OK,
2735,Ferrara 等 - 2019 - Advanced and optimization based sliding mode control theory and applications.pdf,OK,
2736,Vicsek 等 - 1995 - Novel type of phase transition in a system of self-driven particles.pdf,OK,
2737,Jadbabaie 等 - 2003 - Coordination of groups of mobile autonomous agents using nearest neighbor rules.pdf,OK,
2738,"Cheng 等 - 2022 - Collision-avoidance, aggregation and velocity-matching in a cucker–smale-type model.pdf",OK,
2739,Gazi和Passino - 2003 - Stability analysis of swarms.pdf,OK,
2740,Yu 等 - 2021 - Fully distributed region-reaching control with collision avoidance for multi-robot systems.pdf,OK,
2741,Luo 等 - 2012 - Flocking in target pursuit for multi-agent systems with partial informed agents.pdf,OK,
2742,Su 等 - 2014 - Semiglobal observer-based leader-following consensus with input saturation.pdf,OK,
2743,Panagou 等 - 2016 - Distributed coordination control for multi-robot networks using lyapunov-like barrier functions.pdf,OK,
2744,Liu和Barabási - 2016 - Control principles of complex systems.pdf,OK,
2745,Yongcan Cao和Wei Ren - 2012 - Distributed Coordinated Tracking With Reduced Interaction via a Variable Structure Approach.pdf,OK,
2746,Cucker和Dong - 2011 - A general collision-avoiding flocking framework.pdf,OK,
2747,Dong - 2021 - Avoiding collisions and pattern formation in flocks.pdf,OK,
2748,Khaledyan 等 - 2020 - Flocking and target interception control for formations of nonholonomic kinematic agents.pdf,OK,
2749,Hu 等 - 2015 - Tracking control of spacecraft formation flying with collision avoidance.pdf,OK,
2750,Francis和Maggiore - 2016 - Flocking and rendezvous in distributed robotics.pdf,OK,
2751,Hörmander - 1967 - Hypoelliptic second order differential equations.pdf,OK,
2752,Motsch和Tadmor - 2011 - A new model for self-organized dynamics and its flocking behavior.pdf,OK,
2753,"Reynolds - 1987 - Flocks, herds and schools a distributed behavioral model.pdf",OK,
2754,Zhao 等 - 2024 - Prescribed-time distributed convex polygon entrapping control for multi-AAVs with relative measureme.pdf,OK,
2755,Xian 等 - 2003 - Output feedback variable structure-like control of nonlinear mechanical systems.pdf,OK,
2756,Chen 等 - 2024 - Connectivity-preserving formation control via clique-based approach without prior assignment.pdf,OK,
2757,Geromel 等 - 2024 - LMI-based robust multivariable super-twisting algorithm design.pdf,OK,
2758,2758.md,OK,
2759,Seeber和Reichhartinger - 2020 - Conditioned super-twisting algorithm for systems with saturated control action.pdf,OK,
2760,Koch和Reichhartinger - 2019 - Discrete-time equivalents of the super-twisting algorithm.pdf,OK,
2761,Brogliato 等 - 2020 - The implicit discretization of the supertwisting sliding-mode control algorithm.pdf,OK,
2762,Haimovich 等 - 2022 - Generalized super-twisting for control under time- and state-dependent perturbations Breaking the a.pdf,OK,
2763,Andritsch 等 - 2024 - Modified implicit discretization of the super-twisting controller.pdf,OK,
2764,Laghrouche 等 - 2017 - Higher order super-twisting for perturbed chains of integrators.pdf,OK,
2765,Gomez 等 - 2023 - Super twisting based lyapunov redesign for uncertain linear delay systems.pdf,OK,
2766,Nagesh和Edwards - 2014 - A multivariable super-twisting sliding mode approach.pdf,OK,
2767,Vidal 等 - 2017 - Output-feedback multivariable global variable gain super-twisting algorithm.pdf,OK,
2768,Lin 等 - 2019 - Distributed formation control with open-loop nash strategy.pdf,OK,
2769,Low和Ng - 2011 - A flexible virtual structure formation keeping control for fixed-wing UAVs.pdf,OK,
2770,Shao 等 - 2006 - Flexible formation control for obstacle avoidance based on numerical flow field.pdf,OK,
2771,Wang 等 - 2020 - Vision-based flexible leader–follower formation tracking of multiple nonholonomic mobile robots in u.pdf,OK,
2772,Desai 等 - 2001 - Modeling and control of formations of nonholonomic mobile robots.pdf,OK,
2773,Lawton 等 - A decentralized approach to formation maneuvers.pdf,OK,
2774,Desai 等 - 1998 - Controlling formations of multiple mobile robots.pdf,OK,
2775,Lewis和Tan - 1997 - [no title found].pdf,OK,
2776,Hou和Cheah - 2012 - Dynamic compound shape control of robot swarm.pdf,OK,
2777,Sun 等 - 2023 - Mean-shift exploration in shape assembly of robot swarms.pdf,OK,
2778,Alhafnawi 等 - 2021 - Self-organised saliency detection and representation in robot swarms.pdf,OK,
2779,Rubenstein 等 - 2014 - Programmable self-assembly in a thousand-robot swarm.pdf,OK,
2780,Balch和Arkin - 1998 - Behavior-based formation control for multirobot teams.pdf,OK,
2781,Zhao 等 - 2019 - Bearing-only formation tracking control of multiagent systems.pdf,OK,
2782,Zhao和Zelazo - 2019 - Bearing rigidity theory and its applications for control and estimation of network systems Life bey.pdf,OK,
2783,Jin 等 - 2023 - Bearing-only formation maneuvering control of multi-agent systems with time-varying leaders’ velocit.pdf,OK,
2784,Chen 等 - 2021 - Angle rigidity and its usage to stabilize multiagent formations in 2-D.pdf,OK,
2785,Li 等 - 2023 - Three-dimensional bearing-only target following via observability-enhanced helical guidance.pdf,OK,
2786,Sun - 2018 - Cooperative Coordination and Formation Control for Multi-agent Systems.pdf,OK,
2787,Xiong 等 - 2024 - A swarm model with constraint coordination mechanism for unmanned aerial vehicle swarm formation mai.pdf,OK,
2788,Gao和Guo - 2020 - Command filtered finite-time formation tracking control of AUVs with unknown control directions.pdf,OK,
2789,马苏慧 等 - 2023 - 多智能体仿射编队机动控制的有向交互拓扑优化设计.pdf,OK,
2790,Helmke和Moore - 1994 - Optimization and dynamical systems.pdf,OK,
2791,Zhu 等 - 2024 - Self-organizing nervous systems for robot swarms.pdf,OK,
2792,Bi 等 - 2024 - Multivariable adaptive super-twisting sliding mode resilient control for uncertain nonlinear CPSs ag.pdf,OK,
2793,Woodward和Sitti - 2014 - MultiMo-bat a biologically inspired integrated jumping–gliding robot.pdf,OK,
2794,"Wu 等 - 2019 - Towards a gliding robotic dolphin design, modeling, and experiments.pdf",OK,
2795,Ramezani 等 - 2017 - A biomimetic robotic platform to study flight specializations of bats.pdf,OK,
2796,Zhao 等 - 2021 - Design and demonstration of a flying-squirrel-inspired jumping robot with two modes.pdf,OK,
2797,Zhao 等 - 2019 - Aerodynamic characteristics and pitching adjusting mechanism of the flying squirrel with deployed pa.pdf,OK,
2798,Li 等 - 2018 - Research on gliding aerodynamic effect of deformable membrane wing for a robotic flying squirrel.pdf,OK,
2799,Kang 等 - 2023 - A highly maneuverable flying squirrel drone with controllable foldable wings.pdf,OK,
2800,He和Li - 2024 - Simultaneous position and orientation planning of nonholonomic multirobot systems A dynamic vector.pdf,OK,
2801,Hu 等 - 2022 - Reset control for consensus of double-integrator multi-agent systems.pdf,OK,
2802,Chen和Zhang - 2013 - A remark on collective circular motion of heterogeneous multi-agents.pdf,OK,
2803,Zhang 等 - 2025 - Cooperative fault tolerant control with state constraints for nonlinear multiple-agent systems.pdf,OK,
2804,Han 等 - 2025 - An ISS-based design of global robust adaptive output regulators for nonlinear systems.pdf,OK,
2805,Zhang 等 - 2025 - A compliant move or stay strategy for discrete-time multi-agent systems with transient performance c.pdf,OK,
2806,Jiang 等 - 2025 - Adaptive distributed label-free fencing control of disturbed second-order multi-agent systems for a.pdf,OK,
2807,Nuño 等 - 2013 - Coordination of multi-agent euler–lagrange systems via energy-shaping networking improves robustnes.pdf,OK,
2808,Liu和Shan - 2015 - Distributed formation control of networked euler–lagrange systems with fault diagnosis.pdf,OK,
2809,Xu 等 - 2019 - Two-layer distributed hybrid affine formation control of networked euler–lagrange systems.pdf,OK,
2810,Hua 等 - 2024 - Proceedings of 2023 7th chinese conference on swarm intelligence and cooperative control swarm opti.pdf,OK,
2811,Liu和Huang - 2024 - Distributed nash equilibrium seeking for uncertain euler–lagrange systems over jointly strongly conn.pdf,OK,
2812,Leader-following consensus of multiple uncertain euler-lagrange systems subject to unknown disturban.pdf,OK,
2813,Bandyopadhyay 等 - 2015 - A review of impending small satellite formation flying missions.pdf,OK,
2814,Wang 等 - 2021 - Model-independent formation tracking of multiple euler–lagrange systems via bounded inputs.pdf,OK,
2815,Li 等 - 2019 - Two-layer distributed formation-containment control of multiple euler–lagrange systems by output fee.pdf,OK,
2816,Li 等 - 2022 - Distributed formation control of multiple euler–lagrange systems a multilayer framework.pdf,OK,
2817,Cui 等 - 2023 - Sliding mode based prescribed-time consensus tracking control of second-order multi-agent systems.pdf,OK,
2818,Wang - 2024 - A distributed adaptive observer-based approach to synchronization of heterogeneous nonmonotonic nonl.pdf,OK,
2819,Yang 等 - 2023 - Distributed robust adaptive formation control of multi-agent systems with heterogeneous uncertaintie.pdf,OK,
2820,Dimarogonas和Kyriakopoulos - 2008 - A connection between formation infeasibility and velocity alignment in kinematic multi-agent systems.pdf,OK,
2821,Zuo 等 - 2025 - A novel approach to prescribed-time cooperative output regulation in linear heterogeneous multi-agen.pdf,OK,
2822,Isaly 等 - 2024 - Adaptive safety with a RISE-based disturbance observer.pdf,OK,
2823,Franceschelli 等 - 2015 - Finite-time consensus with disturbance rejection by discontinuous local interactions in directed gra.pdf,OK,
2824,Zuo和Tie - 2014 - A new class of finite-time nonlinear consensus protocols for multi-agent systems.pdf,OK,
2825,Zuo和Tie - 2016 - Distributed robust finite-time nonlinear consensus protocols for multi-agent systems.pdf,OK,
2826,Zuo 等 - 2018 - An overview of recent advances in fixed-time cooperative control of multiagent systems.pdf,OK,
2827,Yang 等 - 2025 - Distributed event-triggered control for UAV swarm target fencing with network connectivity preservat.pdf,OK,
2828,Bahaidarah 等 - 2024 - Swarm flocking using optimisation for a self-organised collective motion.pdf,OK,
2829,Wang 等 - 2025 - Collision-free flocking control of uncertain multi-agent systems combining current learning adaptiv.pdf,OK,
2830,Cortés - 2006 - Finite-time convergent gradient flows with applications to network consensus.pdf,OK,
2831,Wang 等 - 2025 - Optimal dynamic output-feedback controller design for linear output regulation problems with its app.pdf,OK,
2832,Wang 等 - 2025 - Finite-time formation tracking for heterogeneous euler–lagrange systems with an uncertain leader.pdf,OK,
2833,Sui 等 - 2024 - Distributed prescribed-time cooperative formation tracking control of networked unmanned surface ves.pdf,OK,
2834,Li 等 - 2022 - Bearing-based prescribed time formation tracking for second-order multi-agent systems.pdf,OK,
2835,Chen 等 - 2023 - Prescribed-time time-varying multi-group formation tracking control of NMSVs via estimator-based hie.pdf,OK,
2836,Ding 等 - 2023 - Prescribed-time formation tracking of second-order multi-agent networks with directed graphs✩.pdf,OK,
2837,Li 等 - 2024 - Prescribed-time unknown input observers design for singular systems a periodic delayed output appro.pdf,OK,
2838,Asl 等 - 2019 - RISE-based prescribed performance control of euler–lagrange systems.pdf,OK,
2839,Li和Hu - 2022 - A differential game approach to intrinsic formation control.pdf,OK,
2840,Jayawardhana 等 - 2019 - Practical stabilization of passive nonlinear systems with limited control.pdf,OK,
2841,Dong和Xu - 2020 - A novel connectivity-preserving control design for rendezvous problem of networked uncertain nonline.pdf,OK,
2842,Liu 等 - Formation control for enclosing and tracking via relative localization.pdf,OK,
2843,Zheng 等 - 2025 - Target enclosing control for nonholonomic multi-agent systems with connectivity maintenance and coll.pdf,OK,
2844,"Landau 等 - 2011 - Adaptive control algorithms, analysis and applications.pdf",OK,
2845,Cao 等 - 2022 - Practical prescribed time tracking control over infinite time interval involving mismatched uncertai.pdf,OK,
2846,Distributed_Observer-Based_Formation-Fencing_Control_for_Multi-Autonomous_Aerial_Vehicles.pdf,OK,
2847,Ma 等 - 2024 - Practical prescribed-time active fault-tolerant control for mixed-order heterogeneous multiagent sys.pdf,OK,
2848,Li 等 - 2022 - Cooperative tracking control of heterogeneous mixed-order multiagent systems with higher-order nonli.pdf,OK,
2849,Wang 等 - 2024 - Event-triggered observation-based control of nonlinear mixed-order multiagent systems under input sa.pdf,OK,
2850,Ji 等 - 2021 - Couple-group consensus for cooperative-competitive heterogeneous multiagent systems hybrid adaptive.pdf,OK,
2851,Feng和Tu - 2015 - Consensus analysis for a class of mixed-order multi-agent systems with nonlinear consensus protocols.pdf,OK,
2852,Zhi 等 - 2026 - Prescribed-time formation tracking control against corrupted outputs a hierarchical event-triggered.pdf,OK,
2853,Ding 等 - 2026 - Prescribed-time control of the nonholonomic integrator with input-delay by periodic delayed feedback.pdf,OK,
2854,Zheng 等 - 2025 - Bearing-based moving target fencing control for multiple underactuated autonomous surface vehicles w.pdf,OK,
2855,Zou 等 - 2018 - Leader-following consensus of second-order nonlinear multi-agent systems with unmodeled dynamics.pdf,OK,
2856,Li 等 - 2014 - Distributed robust consensus control of multi-agent systems with heterogeneous matching uncertaintie.pdf,OK,
2857,Li 等 - 2013 - Distributed consensus of linear multi-agent systems with adaptive dynamic protocols.pdf,OK,
2858,Wheeler 等 - A sliding mode controller with improved adaptation laws for the upper bounds on the norm of uncertai.pdf,OK,
2859,Zeng 等 - 2025 - Spontaneous cooperative fencing control of discrete-time multiple autonomous underwater vehicles wit.pdf,OK,
2860,Liu 等 - 2026 - Singleton-free fencing control of unknown maneuver target.pdf,OK,
2861,Shen和Casalino - 2018 - Revisit of the three-dimensional orbital pursuit-evasion game.pdf,OK,
2862,Liu 等 - 2025 - A model predictive stackelberg solution to orbital pursuit-evasion game.pdf,OK,
2863,Rezaeinia 等 - 2020 - Push-sum on random graphs almost sure convergence and convergence rate.pdf,OK,
2864,Zhou 等 - 2024 - Adaptive weighting push-SUM for decentralized optimization with statistical diversity.pdf,OK,
2865,Xi 等 - 2026 - Regularized Q-learning with linear function approximation.pdf,OK,
2866,Zhu和Martínez - 2010 - Discrete-time dynamic average consensus.pdf,OK,
2867,Xu - 2016 - Augmented distributed optimization for networked systems.pdf,OK,
2868,Nedic和Ozdaglar - 2009 - Distributed subgradient methods for multi-agent optimization.pdf,OK,
2869,Lee和Shim - 2022 - Blended dynamics approach to distributed optimization sum convexity and convergence rate.pdf,OK,
2870,Dong和Chen - 2022 - Fixed-time synchronization of networked uncertain euler–lagrange systems.pdf,OK,
2871,Xu 等 - 2022 - Distributed fixed-time coordination control for networked multiple euler–lagrange systems.pdf,OK,
2872,Nguyen 等 - 2025 - Robust interval estimation of state and unknown inputs for linear continuous-time systems an 1gai.pdf,OK,
2873,Tian和Wang - 2013 - Global stabilization of rigid formations in the plane.pdf,OK,
2874,Zhu 等 - 2013 - Flocking of multi-agent non-holonomic systems with proximity graphs.pdf,OK,
2875,Long 等 - 2024 - Fully distributed model-free flocking of multiple euler–lagrange systems.pdf,OK,
2876,Jiang 等 - 2024 - Fully distributed adaptive control for output consensus of uncertain discrete-time linear multi-agen.pdf,OK,
2877,Wang 等 - 2023 - Fully distributed observer design for mobile targets.pdf,OK,
2878,Lian 等 - 2026 - Prescribed-time distributed optimization for multi-agent systems over unbalanced directed networks.pdf,OK,
2879,Shao 等 - 2021 - Adaptive sliding mode control for uncertain euler–lagrange systems with input saturation.pdf,OK,
2880,Roy 等 - 2020 - On adaptive sliding mode control without a priori bounded uncertainty.pdf,OK,
2881,Yazdani和Su - 2022 - A fully distributed protocol for flocking of time-varying linear systems with dynamic leader and ext.pdf,OK,
2882,Zhang 等 - 2024 - Global consensus of double-integrator multiagent systems with input saturation by fully distributed.pdf,OK,
2883,Zhang 等 - 2022 - Global Leader-Following Consensus of Double-Integrator Multiagent Systems by Fully Distributed Bound.pdf,OK,
2884,Li 等 - 2026 - Fuzzy logic-based adaptive target fencing tracking of uncertain networked agent systems.pdf,OK,
2885,Hua 等 - 2025 - Theory and experiment on adaptive group time-varying formation tracking control for unmanned swarm s.pdf,OK,
2886,Liu 等 - 2023 - Dynamic generalized nash equilibrium seeking for N -coalition noncooperative games.pdf,OK,
2887,Shi 等 - 2024 - Fully data-driven robust output formation tracking control for heterogeneous multiagent system with.pdf,OK,
2888,Tian 等 - 2025 - Interval consensus of heterogeneous high-order multiagent systems.pdf,OK,
2889,Wu 等 - 2025 - A model reduction approach for discrete-time coupled systems with input delays via bivariate fundame.pdf,OK,
2890,Chen 等 - 2025 - Distributed kalman filtering for sensor networks with time-varying coordinate frames.pdf,OK,
2891,Wu 等 - 2025 - Predictor feedback control of discrete-time systems with multiple state delays and distinct input de.pdf,OK,
2892,Tian 等 - 2025 - Adaptive state consensus of uncertain MIMO dynamical multi-agent systems via output feedback over a.pdf,OK,
2893,Sun 等 - 2025 - Distributed leaderless attitude consensus of multi-spacecraft systems with full-state constraints un.pdf,OK,
2894,Yang 等 - 2026 - Fully distributed event-triggered control for containment of fully heterogeneous MASs using filter-b.pdf,OK,
2895,Guan 等 - 2025 - Predefined-time and predefined-accuracy sliding mode control with unknown bound uncertainties.pdf,OK,
2896,Yu 等 - 2026 - Adaptive cooperative fencing and dynamic reorganization control of UAV swarm for multiple maneuverin.pdf,OK,
2897,Jianan Wang和Ming Xin - 2013 - Integrated optimal formation control of multiple unmanned aerial vehicles.pdf,OK,
2898,Huong和Trinh - 2023 - Dynamic event-triggered distributed interval functional observers for interconnected systems.pdf,OK,
2899,Trinh 等 - 2026 - Unknown inputs estimation in linear time-delay systems using generalized functional observers.pdf,OK,
2900,"Queralta 等 - 2020 - Collaborative multi-robot search and rescue planning, coordination, perception, and active vision.pdf",OK,
2901,Roman-Ballesteros和Pfeiffer - 2006 - A framework for cooperative multi-robot surveillance tasks.pdf,OK,
2902,Miller 等 - 2020 - Mine tunnel exploration using multiple quadrupedal robots.pdf,OK,
2903,Beke和Kumbasar - 2017 - Game of spheros a real-world pursuit-evasion game with type-2 fuzzy logic.pdf,OK,
2904,Mack 等 - 2024 - CodeBears key insights gained from a summer coding camp empowering underrepresented youth.pdf,OK,
2905,Wang 等 - 2025 - Time-varying formation tracking control for multiple euler–lagrange systems with an uncertain leader.pdf,OK,
2906,Jin 等 - 2022 - Event-triggered formation control for a class of uncertain euler–lagrange systems theory and experi.pdf,OK,
2907,Martini 等 - 2022 - Euler-lagrange modeling and control of quadrotor UAV with aerodynamic compensation.pdf,OK,
2908,Han 等 - 2023 - Filter-based disturbance observer and adaptive control for euler–lagrange systems with application t.pdf,OK,
2909,Wang 等 - 2019 - Fixed-time formation control of multirobot systems design and experiments.pdf,OK,
2910,"Hogan和Forbes - 2016 - Trajectory tracking, estimation, and control of a pendulum-driven spherical robot.pdf",OK,
2911,Liu 等 - 2022 - Direction and trajectory tracking control for nonholonomic spherical robot by combining sliding mode.pdf,OK,
2912,Muralidharan和Mahindrakar - 2015 - Geometric controllability and stabilization of spherical robot dynamics.pdf,OK,
2913,Liu 等 - 2022 - Multi-terrain velocity control of the spherical robot by online obtaining the uncertainties in the d.pdf,OK,
2914,Fathian 等 - 2018 - Robust distributed formation control of agents with higher-order dynamics.pdf,OK,
2915,Saïd 等 - 2017 - Simultaneous state and unknown input reconstruction using cascaded high-gain observers.pdf,OK,
2916,Wang 等 - 2020 - Fully distributed containment control for second-order multi-agent systems with communication delay.pdf,OK,
2917,Sahafi和Farsangi - 2025 - Fully distributed data-driven model-free adaptive control for consensus tracking in multi-agent syst.pdf,OK,
2918,Mao 等 - 2026 - Prescribed-time fully distributed optimization for time-varying costs zero-gradient-sum scheme.pdf,OK,
2919,Zhao 等 - 2025 - Neural network-based reinforcement learning for prescribed-time formation tracking of hybrid network.pdf,OK,
2920,Zhao 等 - 2025 - Distributed formation control for port-hamiltonian multi-agent systems by average state estimation.pdf,OK,
2921,Hua和Chen - 2025 - Persistent surveillance for heterogeneous robots considering movement randomness and energy allocati.pdf,OK,
2922,Tréangle 等 - 2019 - Filtered high gain observer for a class of uncertain nonlinear systems with sampled outputs.pdf,OK,
2923,Wang 等 - 2025 - Peak-free feedback-cascaded generalized extended high-gain observer a multisaturation approach.pdf,OK,
2924,Distributed_Average_Tracking_of_Physical_Second-Order_Agents_With_Heterogeneous_Unknown_Nonlinear_Dynamics_Without_Constraint_on_Input_Signals.pdf,OK,
2925,Lu和Lai - 2021 - Communication constraints for distributed secondary control of heterogeneous microgrids a survey.pdf,OK,
2926,"Peng 等 - 2015 - Recent advances in underlay heterogeneous networks interference control, resource allocation, and s.pdf",OK,
2927,"Zheng 等 - 2015 - Heterogeneous vehicular networking a survey on architecture, challenges, and solutions.pdf",OK,
2928,Rizk 等 - 2020 - Cooperative heterogeneous multi-robot systems a survey.pdf,OK,
2929,Wen 等 - 2026 - Robust Formation Tracking of ASVs With Nonconservative Collision Avoidance A Control Barrier Functi.pdf,OK,
2930,Cao 等 - 2024 - Underwater target capture based on heterogeneous unmanned system collaboration.pdf,OK,
2931,Jonsson和Chung-Yao Kao - 2012 - Consensus of heterogeneous LTI agents.pdf,OK,
2932,Wang 等 - 2023 - Fully distributed adaptive formation tracking for directed heterogeneous multi-agent systems with un.pdf,OK,
2933,Gutierrez 等 - 2019 - A simplified version of adaptive super-twisting control.pdf,OK,
2934,Obeid 等 - 2020 - Barrier function-based adaptive super-twisting controller.pdf,OK,
2935,Borlaug 等 - 2022 - The generalized super-twisting algorithm with adaptive gains.pdf,OK,
2936,Dou 等 - 2025 - An adaptive generalized super-twisting algorithm via event-triggered control.pdf,OK,
2937,Gutierrez 等 - 2022 - A simplified version of adaptive super twisting—application to the control of floating wind turbine.pdf,OK,
2938,Mirzaei 等 - 2022 - Super-twisting sliding mode controller with self-tuning adaptive gains.pdf,OK,
2939,Lin 等 - 2023 - A dual-level adaptive law design for super-twisting algorithm in sensorless IPMSM drives.pdf,OK,
2940,Li 等 - 2026 - Distributed fixedpredefined-time optimization for multi-agent systems new exponential-function-bas.pdf,OK,
2941,Sun 等 - 2026 - Fully distributed output formation-containment control of heterogeneous multi-agent systems via adap.pdf,OK,
2942,Ni 等 - 2026 - A survey on theories and applications for multi-robot cooperative hunting.pdf,OK,
2943,Chen 等 - 2022 - Adaptive formation tracking control for first-order agents with a time-varying flow parameter.pdf,OK,
2944,Hua 等 - 2026 - Finite-time sliding mode control for uncertain robotic systems using a novel exponential-like reachi.pdf,OK,
2945,Verginis和Dimarogonas - 2019 - Adaptive leader-follower coordination of lagrangian multi-agent systems under transient constraints.pdf,OK,
2946,Chen 等 - 2024 - Cooperative control of heterogeneous multi-agent systems under spatiotemporal constraints.pdf,OK,
2947,Verginis 等 - 2019 - Robust formation control in SE ( 3 ) for tree-graph structures with prescribed transient and steady.pdf,OK,
2948,Nikou 等 - 2017 - Robust distance-based formation control of multiple rigid bodies with orientation alignment.pdf,OK,
2949,Verginis 等 - 2017 - Position and orientation based formation control of multiple rigid bodies with collision avoidance a.pdf,OK,
2950,Oh和Ahn - 2014 - Formation control and network localization via orientation alignment.pdf,OK,
2951,Jing 等 - 2019 - Angle-based shape determination theory of planar graphs with application to formation stabilization.pdf,OK,
2952,Jing 等 - 2018 - Weak rigidity theory and its application to formation stabilization.pdf,OK,
2953,Fu和An - 2026 - Self-triggered control of robotic systems with obstacle avoidance and velocity constraints a double.pdf,OK,
2954,Fu和An - 2025 - Adaptive saturated obstacle avoidance trajectory tracking control for euler–lagrange systems with ve.pdf,OK,
2955,Teng 等 - 2025 - Fully-distributed dynamic event-triggered optimized backstepping bipartite consensus control based o.pdf,OK,
2956,Yuan 等 - 2018 - Formation learning control of multiple autonomous underwater vehicles with heterogeneous nonlinear u.pdf,OK,
2957,Yuan 等 - 2021 - Cooperative adaptive containment control with parameter convergence via cooperative finite-time exci.pdf,OK,
2958,动态多目标完全分布式定时定点包围编队控制.pdf,OK,
2959,Zhang 等 - 2024 - Multi-targets formation tracking for lipschitz-type nonlinear systems via event-triggered scheme.pdf,OK,
2960,Zhang 等 - 2023 - Continuous region-following formation control of multi-agent systems.pdf,OK,
2961,Dávila和Bejarano - 2026 - Finite-time distributed state estimation for linear systems with unknown inputs via sliding modes.pdf,OK,
2962,Fabris 等 - 2024 - Optimal time-invariant distributed formation tracking for second-order multi-agent systems.pdf,OK,
2963,Yu 等 - 2026 - Learning-based target fencing control for delay-tolerant unmanned aerial vehicle swarm.pdf,OK,
2964,Shi 等 - 2026 - Cooperative moving-target fencing control of multi-mobile-manipulator vehicles with a dual-layer arc.pdf,OK,
2965,Li 等 - 2018 - Continuous tracking control for a compliant actuator with two-stage stiffness.pdf,OK,
2966,Pan 等 - 2018 - Adaptive command-filtered backstepping control of robot arms with compliant actuators.pdf,OK,
2967,Pan 等 - 2019 - Efficient PID tracking control of robotic manipulators driven by compliant actuators.pdf,OK,
2968,Wang 等 - 2019 - Robust sliding mode control for robots driven by compliant actuators.pdf,OK,
2969,Ning 等 - 2023 - Cooperative control of multirobot systems subject to control gain uncertainty.pdf,OK,
2970,Zemouche 等 - 2019 - High-gain nonlinear observer with lower tuning parameter.pdf,OK,
2971,Astolfi 等 - 2021 - Stubborn and dead-zone redesign for nonlinear observers and filters.pdf,OK,
2972,Astolfi和Casadei - 2019 - Stabilization of nonlinear systems in presence of filtered output via extended high-gain observers.pdf,OK,
2973,Wang 等 - 2017 - High-gain observers with limited gain power for systems with observability canonical form.pdf,OK,
2974,Yu 等 - 2025 - Cooperative target tracking-fencing control for heterogeneous MAS.pdf,OK,
2975,Yang 等 - 2025 - Multi-UAV cooperative search in partially observable low-altitude environments based on deep reinfor.pdf,OK,
2976,杨秀霞 等 - 2026 - 低空复杂障碍场下无人机搜索航迹的实时规划算法.pdf,OK,
2977,无人机集群分组编队自适应跟踪-包含控制 (1).pdf,OK,
2978,Erber和Hockney - 1991 - Equilibrium configurations of N equal charges on a sphere.pdf,OK,
2979,Amore - 2026 - Thomson problem on a spherical cap.pdf,OK,
2980,Glasser和Every - 1992 - Energies and spacings of point charges on a sphere.pdf,OK,
2981,Meng 等 - 2024 - Robust adaptive fault-tolerant asymptotic tracking control for magnetic levitation system based on n.pdf,OK,
2982,Li 等 - 2025 - Distributed extended state observer-based formation control of flight vehicles subject to constraint.pdf,OK,
2983,Zong - Parameters concurrent learning and reactionless control in post-capture of unknown targets by space.pdf,OK,
2984,Dou和Yue - 2023 - Disturbance observer-based fractional-order sliding mode control for free-floating space manipulator.pdf,OK,
2985,Chen 等 - 2000 - A nonlinear disturbance observer for robotic manipulators.pdf,OK,
2986,Mohammadi 等 - 2017 - Nonlinear Disturbance Observers Design and Applications to EulerLagrange Systems.pdf,OK,
2987,Xu和Wang - 2020 - Distributed observer-based control law with better dynamic performance based on distributed high-gai.pdf,OK,
2988,Ji 等 - 2024 - Output feedback control for hypersonic flight vehicles via distributed high-gain observer.pdf,OK,
2989,Meng 等 - 2025 - Distributed high-gain observer for nonlinear connected autonomous vehicle.pdf,OK,
2990,Yin和Liu - 2020 - Distributed state estimation for a class of nonlinear processes based on high-gain observers.pdf,OK,
2991,Xu 等 - 2023 - Distributed control for a class of nonlinear systems based on distributed high-gain observer.pdf,OK,
2992,Girard - 2015 - Dynamic Triggering Mechanisms for Event-Triggered Control.pdf,OK,
2993,Xu 等 - 2024 - A novel dynamic event-triggered mechanism for dynamic average consensus.pdf,OK,
2994,Bandyopadhyay和Behera - 2018 - Event-triggered sliding mode control.pdf,OK,
2995,Ahmadieh Khanesar 等 - 2021 - Sliding-mode fuzzy controllers.pdf,OK,
2996,Fridman 等 - 2014 - Robust output LQ optimal control via integral sliding modes.pdf,OK,
2997,Kacprzyk - A minimum function-based discrete sliding mode control theory and applications.pdf,OK,
2998,Feng 等 - 2002 - Non-singular terminal sliding mode control of rigid manipulators.pdf,OK,
2999,Mazhar 等 - 2024 - Robust Decentralized Formation Tracking Control of Complex Multiagent Systems.pdf,OK,
3000,Liu和Luo - 2010 - A method based on rayleigh quotient gradient flow for extreme and interior eigenvalue problems.pdf,OK,
3001,Li 等 - 2022 - Event-triggered sliding mode control for multi-agent systems subject to channel fading.pdf,OK,
3002,Zhao 等 - 2012 - Adaptive backstepping sliding mode control for leader–follower multi-agent systems.pdf,OK,
3003,Fainman和Vlaski - 2026 - On the convergence of decentralized stochastic gradient-tracking with finite-time consensus.pdf,OK,
3004,Mei 等 - 2025 - Starling-inspired bifurcation-aggregation adaptive control for UAV swarms in complex multi-obstacle.pdf,OK,
3005,Hu和Jiang - 2022 - Special functions-based fixed-time estimation and stabilization for dynamic systems.pdf,OK,
3006,Zhang 等 - 2014 - Fully distributed robust synchronization of networked lur’e systems with incremental nonlinearities.pdf,OK,
3007,Zhang 等 - 2016 - Dynamic feedback synchronization of lur'e networks via incremental sector boundedness.pdf,OK,
3008,Yin 等 - 2025 - Obstacle avoidance control for multiagent systems based on model-free adaptive control.pdf,OK,
3009,Yang 等 - 2023 - EMPC with adaptive APF of obstacle avoidance and trajectory tracking for autonomous electric vehicle.pdf,OK,
3010,Yang 等 - 2024 - Collision avoidance for autonomous vehicles based on MPC with adaptive APF.pdf,OK,
3011,He 等 - 2025 - A prescribed-time functional observer for systems with unknown input.pdf,OK,
3012,Fan 等 - 2026 - Predefined-time Lyapunov function-based sliding mode control for spacecraft rendezvous and docking.pdf,OK,
3013,Cheng 等 - 2026 - Dynamic event-triggered fault-tolerant control of rigid spacecraft with prescribed performance.pdf,OK,
3014,Liu 等 - 2025 - Adaptive prescribed-time event-triggered control of nonlinear networked systems under dynamic quanti.pdf,OK,
3015,Khalil和Praly - 2014 - High-gain observers in nonlinear feedback control.pdf,OK,
3016,Wang 等 - 2024 - Designing a completely distributed observer with robustness against disturbances.pdf,OK,
3017,Chen 等 - 2020 - Global fuzzy adaptive consensus control of unknown nonlinear multiagent systems.pdf,OK,
3018,Sun和Zhu - 2015 - Finite-time consensus for heterogeneous multi-agent systems with mixed-order agents.pdf,OK,
3019,Li 等 - 2019 - Distributed cooperative adaptive tracking control for heterogeneous systems with hybrid nonlinear dy.pdf,OK,
3020,Li和Shi - 2019 - Cooperative fault-tolerant tracking control of heterogeneous hybrid-order mechanical systems with ac.pdf,OK,
3021,"Yu 等 - 2023 - Sliding modes from asymptoticity, to finite time and fixed time.pdf",OK,
3022,Li和Krstic - 2023 - Prescribed-Time Output-Feedback Control of Stochastic Nonlinear Systems.pdf,OK,
3023,Li和Krstic - 2022 - Stochastic nonlinear prescribed-time stabilization and inverse optimality.pdf,OK,
3024,Prescribed-Time Mean-Nonovershooting Control under Finite-Time Vanishing Noise.pdf,OK,
3025,Ji 等 - 2026 - Prescribed-Time Tracking Control for Nonlinear Systems A Nonvanishing Disturbance Observer-Based Ap.pdf,OK,
3026,Ye和Song - 2023 - Prescribed-time tracking control of MIMO nonlinear systems with nonvanishing uncertainties.pdf,OK,
3027,Shi 等 - 2025 - Prescribed-Time Nonsingular Terminal Sliding Mode Control and Its Application in PMSM Servo Systems.pdf,OK,
3028,Zhang 等 - 2023 - Appointed-Time Cooperative Guidance Law With Line-of-Sight Angle Constraint and Time-to-go Control.pdf,OK,
3029,Pan和Yu - 2016 - Composite Learning From Adaptive Dynamic Surface Control.pdf,OK,
3030,Zhang - 2026 - Predefined-time fuzzy control for robotic manipulators driven by compliant actuators.pdf,OK,
3031,Lin 等 - 2025 - Robust Continuous Sliding Mode Torque Tracking Control for Compliant Actuators With Prescribed Perfo.pdf,OK,
3032,Nohooji和Voos - Compliant robotics in space a prospective review of soft and deformable systems for space missions.pdf,OK,
3033,Salman 等 - 2025 - Robust control of a compliant manipulator with reduced dynamics and sliding perturbation observer.pdf,OK,
3034,2019 - 配置柔顺机构空间机器人双臂捕获卫星操作力学模拟及基于神经网络的全阶滑模避撞柔顺控制 1).pdf,OK,
3035,Mei 等 - 2013 - Distributed adaptive coordination for multiple Lagrangian systems under a directed graph without usi.pdf,OK,
3036,Guerrero 等 - 2024 - STA-based design of an adaptive disturbance observer for autonomous underwater vehicles from concep.pdf,OK,
3037,Zhen 等 - 2020 - Adaptive super-twisting control for automatic carrier landing of aircraft.pdf,OK,
3038,文利燕 等 - 2026 - 切换拓扑下混合相对阶异构多智能体系统自适应扰动抑制设计.pdf,OK,
3039,Obuz 等 - 2025 - Robust Prescribed Time Control of Euler–Lagrange Systems.pdf,OK,
3040,Shang 等 - 2026 - Trajectory Prediction of Dynamic UAV Swarm with Interaction and Quantity Uncertainty under Saturatio.pdf,OK,
3041,He和Huang - 2023 - Output-based adaptive distributed observer for general linear leader systems over periodic switching.pdf,OK,
3042,Wang 等 - 2026 - Event-Triggered Sliding Mode Control for Switched Systems with Reachability-Guaranteed.pdf,OK,
3043,Hajiyev 等 - 2026 - Adaptive filtering-based relative navigation for formation-flying satellites.pdf,OK,
3044,Fathian 等 - 2021 - Robust distributed planar formation control for higher order holonomic and nonholonomic agents.pdf,OK,
3045,Liu 等 - 2025 - Adaptive MPC-based multi-terrain trajectory tracking framework for mobile spherical robots.pdf,OK,
3046,Kohana和Okamoto - 2014 - Sphero Control System Using a Web Browser.pdf,OK,
3047,Dong 等 - 2017 - Adaptive-gain multivariable super-twisting sliding mode control for reentry RLV with torque perturba.pdf,OK,
3048,Beke 等 - 2017 - A rule based fuzzy gesture recognition system to interact with Sphero 2.0 using a smart phone.pdf,OK,
3049,Sakalli 等 - 2018 - Analyzing the control surfaces of type-1 and interval type-2 FLCs through an experimental study.pdf,OK,
3050,Beke和Kumbasar - 2020 - Type-2 Fuzzy Logic-Based Linguistic Pursuing Strategy Design and Its Deployment to a Real-World Purs.pdf,OK,
3051,Mendez-Zorrilla 等 - 2015 - Sphero as an interactive tool in computer games for people with ID.pdf,OK,
3052,Kouvoutsakis 等 - 2022 - Feasibility of Using the Robot Sphero to Promote Perceptual- Motor Exploration in Infants.pdf,OK,
3053,Carroll和Polo - 2013 - Augmented reality gaming with sphero.pdf,OK,
3054,Haller-Seeber 等 - 2025 - A Free and Open Web-Based IDE for the Sphero Bolt.pdf,OK,
3055,Long 等 - 2023 - From Coding to Creativity Using Dancing Sphero Robots to Inspire STEM Learning.pdf,OK,
3056,Obradović 等 - 2023 - Decentralized Multi-Robot Formation Control Using Reinforcement Learning.pdf,OK,
3057,Bewley 等 - 2016 - Simple online and realtime tracking.pdf,OK,
3058,Liu 等 - 2024 - Generalized nash equilibrium seeking for noncooperative games with heterogeneous individual dynamics.pdf,OK,
3059,Chen 等 - 2025 - Adaptive prescribed-time distributed nash equilibrium seeking for networked games with heterogeneous.pdf,OK,
3060,Salehisadaghiani和Pavel - 2016 - Distributed nash equilibrium seeking a gossip-based algorithm.pdf,OK,
3061,Zhu 等 - 2021 - Distributed nash equilibrium seeking in an aggregative game on a directed graph.pdf,OK,
3062,Ye和Hu - 2018 - Distributed nash equilibrium seeking in multiagent games under switching communication topologies.pdf,OK,
3063,Ye和Hu - 2017 - Distributed nash equilibrium seeking by a consensus based approach.pdf,OK,
3064,Ye 等 - 2023 - Distributed nash equilibrium seeking in games with partial decision information a survey.pdf,OK,
3065,Ye - 2021 - Distributed nash equilibrium seeking for games in systems with bounded control inputs.pdf,OK,
3066,Tatarenko 等 - 2021 - Geometric convergence of gradient play algorithms for distributed nash equilibrium seeking.pdf,OK,
3067,Fang 等 - 2022 - Distributed nash equilibrium seeking over markovian switching communication networks.pdf,OK,
3068,Ye 等 - 2022 - Distributed nash equilibrium seeking for games in second-order systems without velocity measurement.pdf,OK,
3069,Nian 等 - 2022 - Distributed nash equilibrium seeking for multicluster game under switching communication topologies.pdf,OK,
3070,Ye 等 - 2022 - Differentially private distributed nash equilibrium seeking for aggregative games.pdf,OK,
3071,Irfan 等 - 2025 - URED Observer-Based Feedback Linearized Neuro Adaptive SMC for a Twin Rotor MIMO System Design and.pdf,OK,
3072,Huong - 2020 - Distributed functional observers for fractional-order time-varying interconnected time-delay systems.pdf,OK,
3073,3073.md,OK,
3074,Wu 等 - 2025 - A formation strategy relying on monotrajectory planning for velocity-constrained wheeled mobile robo.pdf,OK,
3075,Zhao 等 - 2026 - A three-layer formation maneuvering control for multi-agent systems with dynamic collision avoidance.pdf,OK,
3076,Liu 等 - 2026 - Distributed roto-translation formation control of multirigid-body using dual quaternion laplacian.pdf,OK,
3077,Wang 等 - 2012 - A dual quaternion solution to attitude and position control for rigid-body coordination.pdf,OK,
3078,Zhu 等 - 2026 - Hierarchical distributed optimal cluster formation control for MASs with predefined-time convergence.pdf,OK,
3079,Zhang 等 - 2026 - Asynchronous resilient collision-free formation control for nonlinear MASs under DoS attacks.pdf,OK,
3080,Li 等 - 2022 - A passivity approach in port-Hamiltonian form for formation control and velocity tracking.pdf,OK,
3081,Arcak - 2007 - Passivity as a design tool for group coordination.pdf,OK,
3082,Li - 2023 - A port-hamiltonian framework for displacement-based and rigid formation control.pdf,OK,
3083,Ding 等 - 2026 - Dual-stage coordinated landing control for cross-domain UAV-USV fleets.pdf,OK,
3084,Liu 等 - 2026 - Distributed Control Lyapunov and Control Barrier Certificates for Reactive Formation.pdf,OK,
3085,Wei 等 - 2023 - 3U joint design of UAV-USV-UUV networks for cooperative target hunting.pdf,OK,
3086,Ding 等 - 2026 - Mutual-rendezvous control and feature-compatible landing optimization for heterogeneous UAV–USV flee.pdf,OK,
3087,Hou 等 - 2025 - Age of information-aware multi-objective optimization for heterogeneous UAV-USV-UUV networks in unde.pdf,OK,
3088,Liao 等 - 2024 - Cooperative UAV-USV MEC platform for wireless inland waterway communications.pdf,OK,
3089,Li 等 - 2024 - A separation and rendezvous control method for the UAV-USV system based on distributed NMPC.pdf,OK,
3090,Zhang 等 - 2025 - A cooperative control framework for path following of UAV-USV cooperative system in maritime scenari.pdf,OK,
3091,Deng 等 - 2025 - A simplified task-assisted constrained multi objective genetic algorithm for USV-UAV collaborative m.pdf,OK,
3092,Shirakura 等 - 2021 - Collection of marine debris by jointly using UAV-UUV with GUI for simple operation.pdf,OK,
3093,Guo和Zhang - 2024 - Adaptive prescribed-time sliding mode control of nonlinear systems with unknown dynamics.pdf,OK,
3094,Ding 等 - 2026 - Switching prescribed-time adaptive second-order sliding mode control subject to unknown state-depend.pdf,OK,
3095,3095.md,OK,
3096,Malisoff和Selivanov - 2026 - Event-triggered sliding mode control using new triggering rules.pdf,OK,
3097,Zhang 等 - 2026 - Distributed nominal configuration design for linear formations.pdf,OK,
3098,Zhong 等 - 2026 - Predefined-Time Bearing-Only Mobile Localization An Integral Reciprocal Zeroing Neural Network Solu.pdf,OK,
3099,Ji和Li - 2026 - Bearing-based three-dimensional circumnavigation control of multi-agent systems with local reference.pdf,OK,
3100,Ji和Li - 2025 - Bearing-based adaptive cooperative elliptical circumnavigation control for multi-agent systems.pdf,OK,
3101,Zhao 等 - 2026 - Path-guided cooperative circumnavigation of autonomous vehicles with collision avoidance an input-t.pdf,OK,
3102,Ji 等 - 2023 - Label-Free Formation Control of Multi-Agent Systems with Bearing-Based Self-Organizing Map Neural Ne.pdf,OK,
3103,Zhao和Zelazo - 2016 - Bearing rigidity and almost global bearing-only formation stabilization.pdf,OK,
3104,Wang 等 - 2017 - Satellite formation flying.pdf,OK,
3105,Beard 等 - 2001 - A coordination architecture for spacecraft formation control.pdf,OK,
3106,2020 - Prescribed performance distance-based formation control of multi-agent systems.pdf,OK,
3107,Van Vu 等 - 2021 - Distance-based formation control with bounded disturbances.pdf,OK,
3108,Rubagotti 等 - 2011 - Integral sliding mode control for nonlinear systems with matched and unmatched perturbations.pdf,OK,
3109,Cui 等 - 2026 - Connectivity-Preserving Formation Control of Multiagent Systems Under Time-Varying Topology.pdf,OK,
3110,He 等 - 2026 - Attractive Surface-Based State-Attracted Control for Uncertain Nonlinear Systems.pdf,OK,
3111,Yao 等 - 2019 - Adaptive RISE Control of Hydraulic Systems With Multilayer Neural-Networks.pdf,OK,
3112,Mi 等 - 2026 - Disturbance-Rejection-Based Adaptive RISE Control for an n-DOF Electro-Hydraulic Manipulators With S.pdf,OK,
3113,Chaib 等 - 2026 - Safe and Adaptive Multi-Target Encirclement With Socially Aware Multi-Robot Control.pdf,OK,
3114,Nino 等 - 2025 - Distributed RISE-Based Control for Exponential Heterogeneous Multi-Agent Target Tracking of Second-O.pdf,OK,
3115,You 等 - 2026 - Three-dimensional circumnavigating control of unmanned aerial vehicles using range-only measurements.pdf,OK,
3116,Jiang 等 - 2026 - Plug-and-Play Distributed Fencing of Multi-Vehicle Systems for Multiple Uncooperative Targets With D.pdf,OK,
3117,Deng 等 - 2024 - Robust nonsingular predefined-time terminal sliding mode control for perturbed chains of integrators.pdf,OK,
3118,Banza和Mareels - 2025 - Nonlinear integral sliding mode control design for singularly perturbed systems under matched and un.pdf,OK,
3119,Sakata 等 - 2024 - Passivity-based sliding mode control for mechanical port-hamiltonian systems.pdf,OK,
3120,Kao 等 - 2024 - Stability analysis of delayed discrete singular piecewise homogeneous markovian jump systems with un.pdf,OK,
3121,Xu 等 - 2024 - Sliding mode control for markovian jump systems with stochastic-sampling-based event-triggered strat.pdf,OK,
3122,Li 等 - 2024 - A robust covert attack strategy for a class of uncertain cyber-physical systems.pdf,OK,
3123,Bu 等 - 2024 - Robust control for hysteretic microhand actuator using robust right coprime factorization.pdf,OK,
3124,Lv 等 - 2024 - Event-triggered sliding mode control for 2-D FMII systems under bounded direction round-robin protoc.pdf,OK,
3125,Wu - 2024 - Static output feedback sliding mode control with structured sliding surface matrices.pdf,OK,
3126,3126.md,OK,
3127,Ding 等 - 2026 - Prescribed-time control via periodic delayed feedback-based super-twisting sliding mode algorithm.pdf,OK,
3128,Wang 等 - 2024 - Adaptive practical fixed-time synchronized tracking control of ASV with prescribed performance.pdf,OK,
3129,j.automatica.2021.109675.pdf.pdf,OK,
3130,Ahn和Ha - 2025 - A quantitative approach for target-tracking problem on riemannian manifolds.pdf,OK,
3131,Abara 等 - 2024 - A negative imaginary robust formation control scheme for networked multi-tilt tricopters utilizing a.pdf,OK,
3132,Ovalle 等 - 2025 - Analysis of barrier function based adaptive sliding mode control in the presence of deterministic no.pdf,OK,
3133,Gonzalez 等 - 2024 - Final set adjustment in barrier function adaptation exploiting properties of signed power-based cont.pdf,OK,
3134,Behera - 2025 - Event-triggered sliding mode control via digital redesign☆.pdf,OK,
3135,Seeber和Andritsch - 2025 - Proper implicit discretization of the super-twisting controller-without and with actuator saturation.pdf,OK,
3136,Pan 等 - 2024 - Safe stabilization for stochastic time-delay systems.pdf,OK,
3137,Ebeigbe和Nguyen - 2024 - On robust control with uncertainties in the regressor matrix and parameter vector.pdf,OK,
3138,Zhou 等 - 2025 - Finitefixed-time stabilization of linear systems with state quantization.pdf,OK,
3139,3139.md,OK,
3140,Fan 等 - 2025 - Exponential regulation of uncertain nonlinear triangular impulsive systems a logic-based switching.pdf,OK,
3141,3141.md,OK,
3142,3142.md,OK,
3143,Zhou 等 - 2025 - Saturated output feedback control of free-floating space manipulator with fragility-avoidance prescr.pdf,OK,
3144,3144.md,OK,
3145,lra.2020.2972894.pdf.pdf,OK,
3146,TASE.2016.2517674.pdf.pdf,OK,
3147,Zhang 等 - 2024 - Formation planning for tethered multirotor UAV cooperative transportation with unknown payload and c.pdf,OK,
3148,Nanos和Papadopoulos - 2015 - Avoiding dynamic singularities in cartesian motions of free-floating manipulators.pdf,OK,
3149,Jia 等 - 2018 - Maneuver and active vibration suppression of free-flying space robot.pdf,OK,
3150,Tian 等 - 2024 - High-precision trajectory tracking control for free-flying space manipulators with multiple constrai.pdf,OK,
3151,Zhuang 等 - 2025 - Event-triggered image-space tracking control of space manipulators using off-policy reinforcement le.pdf,OK,
3152,Chu 等 - 2018 - Path planning and collision avoidance for a multi-arm space maneuverable robot.pdf,OK,
3153,Sofka 等 - 2006 - Omni-wrist III - a new generation of pointing devices part II gimbals systems - control.pdf,OK,
3154,Xu 等 - 2016 - Hybrid modeling and analysis method for dynamic coupling of space robots.pdf,OK,
3155,Chen 等 - 2025 - Relative pose determination for noncooperative spacecraft under noninertial observation frame.pdf,OK,
3156,3156.md,OK,
3157,3157.md,OK,
3158,3158.md,OK,
3159,3159.md,OK,
3160,3160.md,OK,
3161,3161.md,OK,
3162,3162.md,OK,
3163,3163.md,OK,
3164,3164.md,OK,
3165,3165.md,OK,
3166,3166.md,OK,
3167,3167.md,OK,
3168,3168.md,OK,
3169,3169.md,OK,
3170,3170.md,OK,
3171,3171.md,OK,
3172,3172.md,OK,
3173,3173.md,OK,
3174,3174.md,OK,
3175,3175.md,OK,
3176,3176.md,OK,
3177,3177.md,OK,
3178,3178.md,OK,
3179,3179.md,OK,
3180,3180.md,OK,
3181,3181.md,OK,
3182,3182.md,OK,
3183,3183.md,OK,
3184,3184.md,OK,
3185,3185.md,OK,
3186,3186.md,OK,
3187,3187.md,OK,
3188,3188.md,OK,
3189,3189.md,OK,
3190,3190.md,OK,
3191,3191.md,OK,
3192,3192.md,OK,
3193,3193.md,OK,
3194,3194.md,OK,
3195,3195.md,OK,
3196,3196.md,OK,
3197,3197.md,OK,
3198,3198.md,OK,
3199,3199.md,OK,
3200,3200.md,OK,
3201,3201.md,OK,
3202,3202.md,OK,
3203,3203.md,OK,
3204,3204.md,OK,
3205,3205.md,OK,
3206,3206.md,OK,
3207,3207.md,OK,
3208,3208.md,OK,
3209,3209.md,OK,
3210,3210.md,OK,
3211,3211.md,OK,
3212,3212.md,OK,
3213,3213.md,OK,
3214,3214.md,OK,
3215,3215.md,OK,
3216,3216.md,OK,
3217,3217.md,OK,
3218,3218.md,OK,
3219,3219.md,OK,
3220,3220.md,OK,
3221,3221.md,OK,
3222,3222.md,OK,
3223,3223.md,OK,
3224,3224.md,OK,
3225,3225.md,OK,
3226,3226.md,OK,
3227,3227.md,OK,
3228,3228.md,OK,
3229,3229.md,OK,
3230,3230.md,OK,
3231,3231.md,OK,
3232,3232.md,OK,
3233,3233.md,OK,
3234,3234.md,OK,
3235,3235.md,OK,
3236,3236.md,OK,
3237,3237.md,OK,
3238,3238.md,OK,
3239,3239.md,OK,
3240,3240.md,OK,
3241,3241.md,OK,
3242,3242.md,OK,
3243,3243.md,OK,
3244,3244.md,OK,
3245,3245.md,OK,
3246,3246.md,OK,
3247,3247.md,OK,
3248,3248.md,OK,
3249,3249.md,OK,
3250,3250.md,OK,
3251,3251.md,OK,
3252,3252.md,OK,
3253,3253.md,OK,
3254,3254.md,OK,
3255,3255.md,OK,
3256,3256.md,OK,
3257,3257.md,OK,
3258,3258.md,OK,
3259,3259.md,OK,
3260,3260.md,OK,
3261,3261.md,OK,
3262,3262.md,OK,
3263,3263.md,OK,
3264,3264.md,OK,
3265,3265.md,OK,
3266,3266.md,OK,
3267,3267.md,OK,
3268,3268.md,OK,
3269,3269.md,OK,
3270,3270.md,OK,
3271,3271.md,OK,
3272,3272.md,OK,
3273,3273.md,OK,
3274,3274.md,OK,
3275,3275.md,OK,
3276,3276.md,OK,
3277,3277.md,OK,
3278,3278.md,OK,
3279,3279.md,OK,
3280,3280.md,OK,
3281,3281.md,OK,
3282,3282.md,OK,
3283,3283.md,OK,
3284,3284.md,OK,
3285,3285.md,OK,
3286,3286.md,OK,
3287,3287.md,OK,
3288,3288.md,OK,
3289,3289.md,OK,
3290,3290.md,OK,
3291,3291.md,OK,
3292,3292.md,OK,
3293,3293.md,OK,
3294,3294.md,OK,
3295,3295.md,OK,
3296,3296.md,OK,
3297,3297.md,OK,
3298,3298.md,OK,
3299,3299.md,OK,
3300,3300.md,OK,
3301,3301.md,OK,
3302,3302.md,OK,
3303,3303.md,OK,
3304,3304.md,OK,
3305,3305.md,OK,
3306,3306.md,OK,
3307,3307.md,OK,
3308,3308.md,OK,
3309,3309.md,OK,
3310,3310.md,OK,
3311,3311.md,OK,
3312,3312.md,OK,
